date,tpa_nama,satelit,lanskap,hujan_tahunan,kejadian_kebakaran,tpa_mean,tpa_p90,ring_mean,ring_sd,ring_count,dT_C,hot_excess_C,tutupan_bersih,hujan_30hr_mm
2019-01-06,Kawatuna,LANDSAT_8,perbukitan tropis,1200,"2023-08-19, 2023-12-15",41.69018727461467,42.55025341999998,39.17981277078758,3.106020422291317,8952,2.5103745038270944,-2.8416001953702263,1.2499755824915995,107.99233494373037
2019-01-13,Kawatuna,LANDSAT_8,perbukitan tropis,1200,"2023-08-19, 2023-12-15",44.67403128533832,46.08108599884666,39.92011616845731,5.058303204991816,8952,4.753915116881011,-3.955636579594284,1.2113165438578388,92.52011762233451
2019-01-13,Kawatuna,LANDSAT_8,perbukitan tropis,1200,"2023-08-19, 2023-12-15",44.67254498630747,46.081068080000016,39.93374219713493,5.057867061040648,8952,4.738802789172539,-3.9684082392162097,1.2113165438578388,92.52011762233451
2019-02-23,Kawatuna,LANDSAT_8,perbukitan tropis,1200,"2023-08-19, 2023-12-15",40.508714152342556,41.74701872000003,37.03016688636041,3.957285644030847,8952,3.4785472659821437,-3.197719454422078,1.2499755824915995,96.31411468051373
2019-03-02,Kawatuna,LANDSAT_8,perbukitan tropis,1200,"2023-08-19, 2023-12-15",43.5442832472543,45.28808744000003,41.374425599575005,2.7969384441337453,8952,2.1698576476792937,-1.6802150478424664,1.2113165438578388,53.1316824639216
2019-03-02,Kawatuna,LANDSAT_8,perbukitan tropis,1200,"2023-08-19, 2023-12-15",43.55045782441485,45.26416130000001,41.37099868893587,2.7929200470244573,8952,2.1794591354789787,-1.6926774829847702,1.2113165438578388,53.1316824639216
2019-03-18,Kawatuna,LANDSAT_8,perbukitan tropis,1200,"2023-08-19, 2023-12-15",42.90429075004513,45.54102092000005,39.975933174279255,2.2574489880422197,8952,2.9283575757658724,1.0501897696363542,1.2113165438578388,93.0269739041105
2019-03-18,Kawatuna,LANDSAT_8,perbukitan tropis,1200,"2023-08-19, 2023-12-15",42.8784578368625,45.486332600000026,39.94448258696083,2.2669866623827475,8952,2.933975249901671,1.0078766882736971,1.2113165438578388,93.0269739041105
2019-03-27,Kawatuna,LANDSAT_8,perbukitan tropis,1200,"2023-08-19, 2023-12-15",52.85993093570814,55.143045891522874,49.100280765774244,3.3483942234782273,8720,3.7596501699338987,-0.6540233212078235,1.2499755824915995,100.02700625639407
2019-04-19,Kawatuna,LANDSAT_8,perbukitan tropis,1200,"2023-08-19, 2023-12-15",25.832696983426437,27.073458860000017,25.59775557566899,2.019254699144235,6410,0.23494140775744654,-2.5628061139574427,1.2113165438578388,117.33263544738293
2019-04-19,Kawatuna,LANDSAT_8,perbukitan tropis,1200,"2023-08-19, 2023-12-15",25.771836897969845,26.748746960000005,25.5008628393996,2.0093470574008085,5505,0.27097405857024626,-2.7708099942012083,1.1082257741678099,117.33263544738293
2019-05-05,Kawatuna,LANDSAT_8,perbukitan tropis,1200,"2023-08-19, 2023-12-15",42.08486389711085,46.29982136000001,39.49824177989851,2.3175826430094575,6177,2.586622117212343,2.1664142940825855,1.2113165438578388,206.83147990610448
2019-05-05,Kawatuna,LANDSAT_8,perbukitan tropis,1200,"2023-08-19, 2023-12-15",42.04776532583508,46.28614928000002,39.4902265727149,2.3167928584126027,6184,2.557538753120177,2.162336990459906,1.2113165438578388,206.83147990610448
2019-05-14,Kawatuna,LANDSAT_8,perbukitan tropis,1200,"2023-08-19, 2023-12-15",44.35245941138182,45.55811102000001,42.794576642861614,4.929025233648706,7688,1.5578827685202086,-7.094516090159011,1.2499755824915995,190.34616084955633
2019-07-08,Kawatuna,LANDSAT_8,perbukitan tropis,1200,"2023-08-19, 2023-12-15",37.62296354145676,41.92133774000001,35.56125578685688,2.5569748140073796,6550,2.0617077545998796,1.2461323251283716,1.2113165438578388,192.40649592690167
2019-07-08,Kawatuna,LANDSAT_8,perbukitan tropis,1200,"2023-08-19, 2023-12-15",37.62093324208122,41.900829619999996,35.56265602477214,2.5560523605362397,6550,2.058277217309083,1.2260688741553807,1.2113165438578388,192.40649592690167
2019-08-02,Kawatuna,LANDSAT_8,perbukitan tropis,1200,"2023-08-19, 2023-12-15",52.62638343982876,56.41716056000001,48.338646200578985,3.772629707992078,8952,4.287737239249772,0.533254943436873,1.2499755824915995,83.14763923268765
2019-08-09,Kawatuna,LANDSAT_8,perbukitan tropis,1200,"2023-08-19, 2023-12-15",41.845154303196324,46.52882870000002,38.22294096776218,5.089310577735653,8951,3.6222133354341466,-1.8727334232334627,1.2113165438578388,69.38966967072336
2019-08-09,Kawatuna,LANDSAT_8,perbukitan tropis,1200,"2023-08-19, 2023-12-15",41.838170135713966,46.52541068000005,38.21828502511988,5.088076629334766,8950,3.6198851105940832,-1.8690276037893625,1.2113165438578388,69.38966967072336
2019-08-18,Kawatuna,LANDSAT_8,perbukitan tropis,1200,"2023-08-19, 2023-12-15",44.68992389464101,49.061581520000004,45.23082109358612,5.853817014949534,5050,-0.5408971989451103,-7.876873603485187,1.2499755824915995,45.32138013653457
2019-08-25,Kawatuna,LANDSAT_8,perbukitan tropis,1200,"2023-08-19, 2023-12-15",45.840151983410216,48.388231580000024,43.4245304894793,2.9114993205755173,8893,2.4156214939309137,-0.8592975506303162,1.2113165438578388,49.5886250399053
2019-08-25,Kawatuna,LANDSAT_8,perbukitan tropis,1200,"2023-08-19, 2023-12-15",45.83338714855087,48.333543260000056,43.4265739048819,2.9091129737876975,8894,2.406813243668971,-0.9112565924572351,1.2113165438578388,49.5886250399053
2019-09-03,Kawatuna,LANDSAT_8,perbukitan tropis,1200,"2023-08-19, 2023-12-15",43.66009880265724,45.82129856000006,42.291968045615064,2.6521277919928865,8952,1.3681307570421737,-1.7749250696007763,1.2499755824915995,36.59620155021548
2019-09-10,Kawatuna,LANDSAT_8,perbukitan tropis,1200,"2023-08-19, 2023-12-15",49.01504991344821,51.355072940000014,46.239523808025695,4.153395198855917,8952,2.7755261054225144,-3.191241265737517,1.2113165438578388,41.3159107696265
2019-09-10,Kawatuna,LANDSAT_8,perbukitan tropis,1200,"2023-08-19, 2023-12-15",49.01562024756754,51.337982839999995,46.21976605241913,4.154416461631061,8952,2.795854195148408,-3.1906161356812603,1.2113165438578388,41.3159107696265
2019-09-19,Kawatuna,LANDSAT_8,perbukitan tropis,1200,"2023-08-19, 2023-12-15",52.82961819892578,54.55775768000001,50.22397947274311,4.05059436793942,8952,2.6056387261826686,-3.7674105286219373,1.2499755824915995,25.31285808421671
2019-09-26,Kawatuna,LANDSAT_8,perbukitan tropis,1200,"2023-08-19, 2023-12-15",50.651837111001086,53.005976600000054,48.77034626585219,3.4142639443373475,6815,1.881490845148896,-2.5928975545268287,1.2113165438578388,4.719709219411016
2019-09-26,Kawatuna,LANDSAT_8,perbukitan tropis,1200,"2023-08-19, 2023-12-15",50.65375237336105,52.98717748999999,48.77759677377162,3.408474155892522,6819,1.8761555995894312,-2.607367595556667,1.2113165438578388,4.719709219411016
2019-10-21,Kawatuna,LANDSAT_8,perbukitan tropis,1200,"2023-08-19, 2023-12-15",43.57376586982723,46.11183026000003,40.93313206315974,3.262266015878274,8952,2.6406338066674877,-1.345833834916256,1.2499755824915995,148.03618467599154
2019-11-06,Kawatuna,LANDSAT_8,perbukitan tropis,1200,"2023-08-19, 2023-12-15",50.38379289309148,53.200803740000026,46.70589528372436,4.118152916068086,8952,3.677897609367122,-1.741397375860501,1.2499755824915995,85.99404157698154
2019-11-13,Kawatuna,LANDSAT_8,perbukitan tropis,1200,"2023-08-19, 2023-12-15",31.588149091077803,35.27328884000002,31.21141496443282,5.469245382979389,8621,0.3767341266449833,-6.876616890391574,1.0437940431115418,78.07074633287266
2019-12-15,Kawatuna,LANDSAT_8,perbukitan tropis,1200,"2023-08-19, 2023-12-15",37.653657461540895,38.894681030000044,33.00429280594716,4.875667199159985,7163,4.649364655593736,-3.8609461742670845,1.2113165438578388,38.501444631721824
2019-12-15,Kawatuna,LANDSAT_8,perbukitan tropis,1200,"2023-08-19, 2023-12-15",37.631777213283,38.92544321,32.801808000013615,4.912677320940589,7655,4.829969213269386,-3.7017194318947944,1.2113165438578388,38.501444631721824
2019-12-24,Kawatuna,LANDSAT_8,perbukitan tropis,1200,"2023-08-19, 2023-12-15",27.993775336749955,30.648707779999995,26.5578748284028,3.4375296695394195,8952,1.4359005083471565,-2.7842263874816453,1.2499755824915995,43.74623837741092
2020-02-10,Kawatuna,LANDSAT_8,perbukitan tropis,1200,"2023-08-19, 2023-12-15",24.424565063079832,27.828841280000006,28.118887270722325,6.226993982608932,8592,-3.694322207642493,-12.744033955940182,1.2499755824915995,68.61296104360373
2020-03-13,Kawatuna,LANDSAT_8,perbukitan tropis,1200,"2023-08-19, 2023-12-15",44.289512420711446,45.35120358548739,44.169953338676486,4.910777293061386,8952,0.1195590820349608,-8.640304339311868,1.2499755824915995,94.45174014847726
2020-04-05,Kawatuna,LANDSAT_8,perbukitan tropis,1200,"2023-08-19, 2023-12-15",53.51415764044707,55.002100280000036,51.470915965244835,3.1313623229168304,8531,2.043241675202232,-2.731540331078463,1.2113165438578388,104.4431160511449
2020-04-05,Kawatuna,LANDSAT_8,perbukitan tropis,1200,"2023-08-19, 2023-12-15",53.5169091734006,55.005518300000034,51.46098526088545,3.129007596842174,8533,2.055923912515148,-2.7134821545697676,1.2113165438578388,104.4431160511449
2020-04-14,Kawatuna,LANDSAT_8,perbukitan tropis,1200,"2023-08-19, 2023-12-15",55.74283985728911,57.989449760000014,53.06553783010327,3.4374205681436276,8952,2.6773020271858456,-1.9509292063905121,1.2499755824915995,106.80462426599117
2020-06-01,Kawatuna,LANDSAT_8,perbukitan tropis,1200,"2023-08-19, 2023-12-15",44.37343256222551,47.49612836000006,41.55843830817255,2.7797557303358738,8952,2.814994254052962,0.37817859115575914,1.2499755824915995,114.41997402673587
2020-06-17,Kawatuna,LANDSAT_8,perbukitan tropis,1200,"2023-08-19, 2023-12-15",39.853059631820656,43.25436554000001,38.01637214575388,3.9184582383159645,6159,1.8366874860667792,-2.598923082385795,1.2499755824915995,218.84411345375705
2020-07-19,Kawatuna,LANDSAT_8,perbukitan tropis,1200,"2023-08-19, 2023-12-15",36.25161224233495,39.610756219999985,33.043920357549176,2.7350252052192587,8952,3.207691884785774,1.0967854520122913,1.2499755824915995,281.3085128883832
2020-08-27,Kawatuna,LANDSAT_8,perbukitan tropis,1200,"2023-08-19, 2023-12-15",30.248666339140094,30.887969180000027,30.33996335004717,3.4900360660929666,5401,-0.09129701090707698,-6.432066302233075,0.811839811308977,107.68412023223935
2020-09-05,Kawatuna,LANDSAT_8,perbukitan tropis,1200,"2023-08-19, 2023-12-15",37.74267363023057,39.44669126000002,36.37565168715375,2.786691264620048,8449,1.3670219430768213,-2.502342956393818,1.2499755824915995,126.66972092352808
2020-09-21,Kawatuna,LANDSAT_8,perbukitan tropis,1200,"2023-08-19, 2023-12-15",41.8352763782549,46.16310056000003,38.36148593520436,2.734799746038487,8952,3.4737904430505466,2.332015132718702,1.2499755824915995,267.5561587826814
2020-10-14,Kawatuna,LANDSAT_8,perbukitan tropis,1200,"2023-08-19, 2023-12-15",20.791465334655395,24.29802662000003,23.836975620648538,4.571613443126546,2696,-3.045510285993142,-8.682175886901604,1.0309076969002882,297.51419029734103
2020-10-14,Kawatuna,LANDSAT_8,perbukitan tropis,1200,"2023-08-19, 2023-12-15",20.743434437828196,24.27068245999999,20.91618912302414,6.8722599673645,3924,-0.17275468519594384,-10.390026597753149,1.0566803893227954,297.51419029734103
2020-10-30,Kawatuna,LANDSAT_8,perbukitan tropis,1200,"2023-08-19, 2023-12-15",39.15437076905774,42.613486789999996,36.948631063625484,2.531870069981888,8122,2.205739705432258,0.6011155864107351,1.2113165438578388,266.5333575075493
2020-10-30,Kawatuna,LANDSAT_8,perbukitan tropis,1200,"2023-08-19, 2023-12-15",39.183509783698135,42.70534492587603,36.945991307282796,2.5296577559301148,8119,2.237518476415339,0.7000381067330039,1.2113165438578388,266.5333575075493
2021-01-02,Kawatuna,LANDSAT_8,perbukitan tropis,1200,"2023-08-19, 2023-12-15",26.520969337976602,28.475846525669688,24.823524076441014,5.40644247249912,7994,1.697445261535588,-7.160562495769568,1.2113165438578388,75.22061191918328
2021-01-11,Kawatuna,LANDSAT_8,perbukitan tropis,1200,"2023-08-19, 2023-12-15",48.99279557780898,50.96978474394159,46.376896827233296,3.222594695902513,8952,2.615898750575681,-1.8523014750967306,1.2499755824915995,126.13905642880127
2021-01-27,Kawatuna,LANDSAT_8,perbukitan tropis,1200,"2023-08-19, 2023-12-15",32.16826941016065,33.79670420000002,33.120166794717946,7.327530804139921,7783,-0.9518973845572987,-13.978524202997768,1.2499755824915995,130.1864103367552
2021-02-03,Kawatuna,LANDSAT_8,perbukitan tropis,1200,"2023-08-19, 2023-12-15",19.568840703915072,21.796403205289256,17.922776122028857,6.825587873043017,7485,1.6460645818862147,-9.777548662825634,1.2113165438578388,157.44701175484806
2021-02-28,Kawatuna,LANDSAT_8,perbukitan tropis,1200,"2023-08-19, 2023-12-15",29.837744042223488,30.65212580000002,24.07788534413124,4.490288506845531,7550,5.759858698092248,-2.4063365578222786,1.2499755824915995,122.71761074010281
2021-03-16,Kawatuna,LANDSAT_8,perbukitan tropis,1200,"2023-08-19, 2023-12-15",42.23300487535041,45.585455180000054,39.0002374313928,2.38305374033985,8952,3.232767443957613,1.819110267927556,1.2499755824915995,131.90233327727762
2021-04-01,Kawatuna,LANDSAT_8,perbukitan tropis,1200,"2023-08-19, 2023-12-15",32.63282604361593,35.724059746649786,28.424611074320676,3.3572322122124225,8921,4.208214969295252,0.5849842479042664,1.2499755824915995,149.465605083853
2021-04-17,Kawatuna,LANDSAT_8,perbukitan tropis,1200,"2023-08-19, 2023-12-15",19.88231472632482,23.080005650304578,15.598874679641504,2.086475768379062,8947,4.283440046683317,3.30817943390495,1.2499755824915995,156.6950532486662
2021-05-03,Kawatuna,LANDSAT_8,perbukitan tropis,1200,"2023-08-19, 2023-12-15",37.63765650284371,39.86811404060915,35.46718623980297,2.9301538752705514,8821,2.170470263040741,-1.4593799497349238,1.2499755824915995,139.367003550753
2021-07-13,Kawatuna,LANDSAT_8,perbukitan tropis,1200,"2023-08-19, 2023-12-15",38.14044629480361,42.20161538000002,35.201584080231854,1.9415883696801501,8952,2.9388622145717562,3.116854560407866,1.2113165438578388,244.04937115684154
2021-07-13,Kawatuna,LANDSAT_8,perbukitan tropis,1200,"2023-08-19, 2023-12-15",38.09947146119926,42.09565676,35.20406718225992,1.940125247737685,8952,2.8954042789393384,3.011339082264705,1.2113165438578388,244.04937115684154
2021-07-29,Kawatuna,LANDSAT_8,perbukitan tropis,1200,"2023-08-19, 2023-12-15",39.061395046455495,43.4184305,36.17283244596352,2.843163116249306,8106,2.888562600491973,1.5592718215378625,1.2113165438578388,162.47690218314526
2021-07-29,Kawatuna,LANDSAT_8,perbukitan tropis,1200,"2023-08-19, 2023-12-15",39.03482149586092,43.3158899,36.1691673415907,2.841072912049677,8106,2.865654154270217,1.4645767343099436,1.2113165438578388,162.47690218314526
2021-08-23,Kawatuna,LANDSAT_8,perbukitan tropis,1200,"2023-08-19, 2023-12-15",32.97083765254929,36.15513800000002,29.05637978198933,3.614150431124239,8211,3.9144578705599606,-0.12954264423778739,1.2499755824915995,136.78760356828568
2021-09-08,Kawatuna,LANDSAT_8,perbukitan tropis,1200,"2023-08-19, 2023-12-15",28.44227325146189,34.65120920000004,24.782406875238532,4.3826061320513725,8647,3.659866376223359,1.1035900606587603,1.2499755824915995,290.68265150953084
2021-10-01,Kawatuna,LANDSAT_8,perbukitan tropis,1200,"2023-08-19, 2023-12-15",30.4694631314015,33.14044436000006,29.34494059934233,4.242372497344189,6057,1.1245225320591707,-4.689241234030646,1.2113165438578388,442.6044894196093
2021-10-01,Kawatuna,LANDSAT_8,perbukitan tropis,1200,"2023-08-19, 2023-12-15",30.43644837417811,33.14044436000006,29.331482486384527,4.245713731762742,6058,1.1049658877935826,-4.6824655899099525,1.2113165438578388,442.6044894196093
2021-11-11,Kawatuna,LANDSAT_8,perbukitan tropis,1200,"2023-08-19, 2023-12-15",21.611467749483676,24.79238024947371,16.307751549282646,3.0730166322349213,8229,5.3037162002010305,2.3385954357212206,1.2499755824915995,197.6127695310861
2021-11-27,Kawatuna,LANDSAT_8,perbukitan tropis,1200,"2023-08-19, 2023-12-15",34.15532698046113,37.71717314,30.2645311459828,4.5878491456286055,5222,3.8907958344783324,-1.7230562972400136,1.2499755824915995,120.76884466409682
2022-01-13,Kawatuna,LANDSAT_9,perbukitan tropis,1200,"2023-08-19, 2023-12-15",28.623393803798482,30.52907707999998,24.777218914868573,2.482033994948429,8952,3.8461748889299088,0.787790175234548,1.2113165438578388,127.42717465106398
2022-01-13,Kawatuna,LANDSAT_9,perbukitan tropis,1200,"2023-08-19, 2023-12-15",28.608626100174373,30.42296484112361,24.79102341592193,2.4730772934479432,8952,3.817602684252442,0.6857868383057912,1.2113165438578388,127.42717465106398
2022-01-22,Kawatuna,LANDSAT_9,perbukitan tropis,1200,"2023-08-19, 2023-12-15",21.67385670314165,24.065601259999994,23.60615847314741,2.9092354480346256,8387,-1.9323017700057612,-5.359028109216666,1.2499755824915995,94.97638166276738
2022-02-14,Kawatuna,LANDSAT_9,perbukitan tropis,1200,"2023-08-19, 2023-12-15",46.74544513278628,50.059643359999995,44.35500243774452,1.9844591641147231,5407,2.390442695041763,1.7357225940260292,1.2113165438578388,105.40225603850558
2022-02-14,Kawatuna,LANDSAT_9,perbukitan tropis,1200,"2023-08-19, 2023-12-15",46.75423437657158,50.04938930000003,44.3415936968103,1.9864326791758329,5403,2.4126406797612816,1.7349302448380612,1.2113165438578388,105.40225603850558
2022-03-02,Kawatuna,LANDSAT_9,perbukitan tropis,1200,"2023-08-19, 2023-12-15",23.495470361194194,24.660697311473996,23.555817002172358,4.013276149972393,8503,-0.06034664097816389,-6.921671990643148,1.2113165438578388,152.87161096092314
2022-03-02,Kawatuna,LANDSAT_9,perbukitan tropis,1200,"2023-08-19, 2023-12-15",23.5020785793938,24.650653653592695,23.537545372621253,4.0215397874451595,8532,-0.03546679322745305,-6.929971293918879,1.2113165438578388,152.87161096092314
2022-03-19,Kawatuna,LANDSAT_8,perbukitan tropis,1200,"2023-08-19, 2023-12-15",39.53681720577917,44.94799445000004,37.19144699025187,2.951226087322371,6271,2.3453702155273035,1.8540952851034262,0.9922486582665274,184.82035489194092
2022-03-26,Kawatuna,LANDSAT_8,perbukitan tropis,1200,"2023-08-19, 2023-12-15",43.08464453565209,46.03663382000002,39.88784669456181,2.9919211057939945,7607,3.19679784109028,0.1649449138502206,1.2113165438578388,148.16923290491104
2022-03-26,Kawatuna,LANDSAT_8,perbukitan tropis,1200,"2023-08-19, 2023-12-15",43.05050574204775,45.899913019999985,39.89362311752315,2.9864934107817667,7615,3.1568826245245987,0.03330308091330636,1.2113165438578388,148.16923290491104
2022-04-04,Kawatuna,LANDSAT_8,perbukitan tropis,1200,"2023-08-19, 2023-12-15",19.002040262947077,20.19469361000003,15.669222754629626,5.1108951206238356,6438,3.3328175083174507,-5.696319385877267,1.2499755824915995,159.76045481953767
2022-04-19,Kawatuna,LANDSAT_9,perbukitan tropis,1200,"2023-08-19, 2023-12-15",37.98877969170359,39.77140315999998,40.723234706667206,2.768210044333607,3667,-2.734455014963615,-6.488251635334443,1.2113165438578388,94.50268193148077
2022-04-19,Kawatuna,LANDSAT_9,perbukitan tropis,1200,"2023-08-19, 2023-12-15",38.03133680401744,39.85001762000002,40.59308659296518,2.9348352206686124,3720,-2.5617497889477363,-6.612739414302389,1.2113165438578388,94.50268193148077
2022-05-06,Kawatuna,LANDSAT_8,perbukitan tropis,1200,"2023-08-19, 2023-12-15",47.574586597347874,49.30767896000003,44.84961710748126,2.921402193286971,8952,2.7249694898666164,-1.3847425340551638,1.2499755824915995,106.8045964022167
2022-05-29,Kawatuna,LANDSAT_8,perbukitan tropis,1200,"2023-08-19, 2023-12-15",30.374780771292908,34.50081632000001,29.80627375615631,3.859138552689688,5811,0.5685070151365998,-3.0237345415356742,1.1855438514353316,215.91673937812448
2022-05-29,Kawatuna,LANDSAT_8,perbukitan tropis,1200,"2023-08-19, 2023-12-15",30.27917804778245,34.46663612000003,29.466650717842896,4.191610585935239,6394,0.8125273299395559,-3.3832357697133375,1.2113165438578388,215.91673937812448
2022-06-06,Kawatuna,LANDSAT_9,perbukitan tropis,1200,"2023-08-19, 2023-12-15",38.936682343641465,41.07366878000005,38.790031081051616,1.7546153828572502,4887,0.14665126258984884,-1.2255930667660664,1.1855438514353316,242.48317849263552
2022-06-06,Kawatuna,LANDSAT_9,perbukitan tropis,1200,"2023-08-19, 2023-12-15",38.916691989861015,41.04632462000001,38.78729042193324,1.7539525476439075,4891,0.12940156792777202,-1.2488708972210532,1.1855438514353316,242.48317849263552
2022-06-15,Kawatuna,LANDSAT_9,perbukitan tropis,1200,"2023-08-19, 2023-12-15",36.91452678628532,38.899808060000055,34.94858002917743,1.9420438839301384,8952,1.9659467571078935,0.06714026296234721,1.2499755824915995,218.0881768465042
2022-06-23,Kawatuna,LANDSAT_8,perbukitan tropis,1200,"2023-08-19, 2023-12-15",37.16874260832128,40.28410616000002,34.19966050273451,2.32411446344185,8952,2.9690821055867715,1.4362167303818154,1.2499755824915995,248.41937940195203
2022-07-01,Kawatuna,LANDSAT_9,perbukitan tropis,1200,"2023-08-19, 2023-12-15",34.50924125868154,37.39929728000004,31.880593390036022,2.020138458009132,8744,2.628647868645519,1.4784269739457585,1.2499755824915995,204.16785543225708
2022-07-25,Kawatuna,LANDSAT_8,perbukitan tropis,1200,"2023-08-19, 2023-12-15",27.82134189991387,30.320577860000014,27.578362871998422,4.063611653703086,5541,0.24297902791544956,-5.385008319404577,1.2499755824915995,184.86530699580908
2022-08-18,Kawatuna,LANDSAT_9,perbukitan tropis,1200,"2023-08-19, 2023-12-15",34.14417645876769,37.13440073000001,28.534255877329606,3.3822046617740793,8952,5.609920581438082,1.8357355291222461,1.2499755824915995,162.64641777891666
2022-09-27,Kawatuna,LANDSAT_8,perbukitan tropis,1200,"2023-08-19, 2023-12-15",38.03151667074234,41.96972346820812,30.700332161364802,4.072587971672598,8952,7.33118450937754,3.1242153634981236,1.2499755824915995,278.1980160274543
2022-10-13,Kawatuna,LANDSAT_8,perbukitan tropis,1200,"2023-08-19, 2023-12-15",19.618346939043338,21.549938540000024,15.184527628951209,5.433408142528598,8797,4.4338193100921295,-4.501405374008382,1.2499755824915995,205.01648194575682
2022-10-20,Kawatuna,LANDSAT_8,perbukitan tropis,1200,"2023-08-19, 2023-12-15",18.873734859527556,25.080753200000004,20.689383579569633,1.9277142303685462,4949,-1.815648720042077,0.5359411596932802,1.172657505224078,253.32481626840308
2022-10-20,Kawatuna,LANDSAT_8,perbukitan tropis,1200,"2023-08-19, 2023-12-15",18.654991849755202,24.745787240000027,20.692100960195337,1.9251437377899314,4951,-2.0371091104401344,0.20339880422482892,1.2113165438578388,253.32481626840308
2022-10-21,Kawatuna,LANDSAT_9,perbukitan tropis,1200,"2023-08-19, 2023-12-15",46.13430155490246,50.85262399999999,39.967078242563375,3.9013452388220586,8674,6.1672233123390825,3.082855279792497,1.2499755824915995,230.2301855054684
2022-10-29,Kawatuna,LANDSAT_8,perbukitan tropis,1200,"2023-08-19, 2023-12-15",19.365531405413755,21.131069724248956,14.563214795069415,3.4776152186793445,8952,4.80231661034434,-0.38737550817914723,1.2499755824915995,244.57234272919598
2022-11-29,Kawatuna,LANDSAT_9,perbukitan tropis,1200,"2023-08-19, 2023-12-15",23.95879701398653,26.03779880000002,21.28343717177395,2.443076530229801,8243,2.675359842212579,-0.13179143223353407,1.2113165438578388,82.98990744911134
2022-11-29,Kawatuna,LANDSAT_9,perbukitan tropis,1200,"2023-08-19, 2023-12-15",23.98013603387603,26.112995240000032,21.277914126359143,2.442328142451956,8238,2.7022219075168863,-0.049575171263022355,1.2113165438578388,82.98990744911134
2022-12-16,Kawatuna,LANDSAT_8,perbukitan tropis,1200,"2023-08-19, 2023-12-15",41.59012476076415,43.48848979751479,38.09212282090906,2.6950038317159524,8116,3.4980019398550866,0.006359313173824432,1.2499755824915995,126.07570801582187
2023-01-01,Kawatuna,LANDSAT_8,perbukitan tropis,1200,"2023-08-19, 2023-12-15",24.759189654069434,28.156971200000044,21.96053006603596,6.460246309085975,8952,2.7986595880334733,-6.72405148420787,1.2499755824915995,118.26536567136644
2023-01-16,Kawatuna,LANDSAT_9,perbukitan tropis,1200,"2023-08-19, 2023-12-15",23.468898543084805,24.629574560000037,21.211837061506614,2.7834155605442,8691,2.257061481578191,-2.1490936225949753,1.2113165438578388,85.14015586208552
2023-01-16,Kawatuna,LANDSAT_9,perbukitan tropis,1200,"2023-08-19, 2023-12-15",23.456743253854743,24.607357430000036,21.194896716687605,2.787656354738519,8691,2.2618465371671377,-2.1628519961646084,1.2113165438578388,85.14015586208552
2023-01-17,Kawatuna,LANDSAT_8,perbukitan tropis,1200,"2023-08-19, 2023-12-15",45.41294432462126,47.239776860000006,40.74695483263044,2.240261937030517,8952,4.665989491990814,2.012298153308528,1.2499755824915995,78.65190979745239
2023-02-10,Kawatuna,LANDSAT_9,perbukitan tropis,1200,"2023-08-19, 2023-12-15",30.043138380311156,33.017751272138746,25.616214344348258,1.9961963160436216,8952,4.426924035962898,3.4091442957032463,1.2499755824915995,127.29358072439207
2023-02-25,Kawatuna,LANDSAT_8,perbukitan tropis,1200,"2023-08-19, 2023-12-15",16.988959955966372,18.98984156000006,14.047908670848543,3.057831211916196,8927,2.9410512851178297,-1.1737295346808736,1.2113165438578388,106.92800024617463
2023-02-25,Kawatuna,LANDSAT_8,perbukitan tropis,1200,"2023-08-19, 2023-12-15",16.990258800101397,18.97275146000004,14.065993364367515,3.053746868879379,8928,2.924265435733883,-1.200735642126233,1.2113165438578388,106.92800024617463
2023-03-14,Kawatuna,LANDSAT_9,perbukitan tropis,1200,"2023-08-19, 2023-12-15",32.39210287068461,35.92613066000001,32.7123718795303,6.986116106903715,8423,-0.32026900884569187,-10.75847343333772,1.2499755824915995,92.54767152993007
2023-04-06,Kawatuna,LANDSAT_9,perbukitan tropis,1200,"2023-08-19, 2023-12-15",29.731231621631103,31.199009000000018,21.255908968065032,6.213516892423622,7122,8.47532265356607,-2.4839337529122574,1.2113165438578388,164.71523758582768
2023-04-06,Kawatuna,LANDSAT_9,perbukitan tropis,1200,"2023-08-19, 2023-12-15",29.71666523278423,31.25027929999999,23.90834208983158,4.773355079550876,3709,5.8083231429526485,-2.2047729489333463,1.2113165438578388,164.71523758582768
2023-04-14,Kawatuna,LANDSAT_8,perbukitan tropis,1200,"2023-08-19, 2023-12-15",-31.409945103742682,-26.22030897999997,-25.88773971631329,11.402695647638204,6050,-5.522205387429391,-23.137960558963087,1.2113165438578388,173.56140754930675
2023-06-02,Kawatuna,LANDSAT_9,perbukitan tropis,1200,"2023-08-19, 2023-12-15",45.61602874972487,48.31303514000001,42.63513741415977,2.4576817920391623,8952,2.9808913355650972,0.7625341417619182,1.2499755824915995,216.707947190851
2023-06-26,Kawatuna,LANDSAT_8,perbukitan tropis,1200,"2023-08-19, 2023-12-15",42.4901747257178,44.64279270795623,37.32364410087748,3.2165225620547413,8952,5.16653062484032,0.8861034829692684,1.2499755824915995,217.32732606865463
2023-07-04,Kawatuna,LANDSAT_9,perbukitan tropis,1200,"2023-08-19, 2023-12-15",13.865789662553857,18.962497400000018,14.601065859967676,7.679898085551969,6915,-0.7352761974138193,-10.998364631071595,1.2499755824915995,228.73122677952048
2023-07-20,Kawatuna,LANDSAT_9,perbukitan tropis,1200,"2023-08-19, 2023-12-15",45.59734091805526,47.32864538000001,42.76613699744126,3.275759422077994,8952,2.8312039206140014,-1.989010461597232,1.2499755824915995,135.94620587397364
2023-07-27,Kawatuna,LANDSAT_9,perbukitan tropis,1200,"2023-08-19, 2023-12-15",44.35186163408283,47.61063203000003,41.602251307457614,2.4425704536200774,6492,2.7496103266252163,1.123239815302263,1.2113165438578388,151.40889795590192
2023-07-27,Kawatuna,LANDSAT_9,perbukitan tropis,1200,"2023-08-19, 2023-12-15",44.32445111990065,47.57986985000002,41.6016666154539,2.4412545635520617,6497,2.72278450444675,1.0956941074420001,1.2113165438578388,151.40889795590192
2023-07-28,Kawatuna,LANDSAT_8,perbukitan tropis,1200,"2023-08-19, 2023-12-15",43.20351627909909,46.4604683,39.67205888182953,2.7484551160026665,8952,3.5314573972695626,1.2914991861651401,1.2499755824915995,142.6395695609972
2023-08-12,Kawatuna,LANDSAT_9,perbukitan tropis,1200,"2023-08-19, 2023-12-15",4.041775441553852,4.6204854800000135,1.5762708586613092,2.207582356172373,4648,2.4655045828925424,-1.3709500910060415,0.8891578885764986,121.04201650060713
2023-08-13,Kawatuna,LANDSAT_8,perbukitan tropis,1200,"2023-08-19, 2023-12-15",39.488186040119615,41.99311616,35.615039941757,3.956988189515624,8952,3.873146098362618,-1.5359001607882448,1.2499755824915995,113.9078504666686
2023-08-21,Kawatuna,LANDSAT_9,perbukitan tropis,1200,"2023-08-19, 2023-12-15",48.87724433274084,51.09530342000005,44.1169006380106,2.798945087862442,8479,4.760343694730238,1.380512606264567,1.2499755824915995,110.79825530201195
2023-08-29,Kawatuna,LANDSAT_8,perbukitan tropis,1200,"2023-08-19, 2023-12-15",47.418910724489514,50.88680420000003,43.599903446374114,3.21115383638452,8952,3.8190072781154,0.8645930808568778,1.2499755824915995,139.2805738095194
2023-09-06,Kawatuna,LANDSAT_9,perbukitan tropis,1200,"2023-08-19, 2023-12-15",25.24245647222347,27.16574539999999,24.870854522149198,4.7791479744766825,5960,0.37160195007427177,-7.263405071102568,0.7989534650977234,116.21165964193642
2023-09-14,Kawatuna,LANDSAT_8,perbukitan tropis,1200,"2023-08-19, 2023-12-15",40.89431651555007,42.986050970000036,37.42653557596887,2.7011610949404083,8952,3.4677809395811963,0.15719320415034588,1.2499755824915995,115.0904976669699
2023-09-29,Kawatuna,LANDSAT_9,perbukitan tropis,1200,"2023-08-19, 2023-12-15",50.272463051527204,52.20957794000003,45.95216472850938,3.789739514414314,8952,4.320298323017823,-1.322065817337979,1.2113165438578388,102.16784344613552
2023-09-29,Kawatuna,LANDSAT_9,perbukitan tropis,1200,"2023-08-19, 2023-12-15",50.27008590861982,52.13096347999999,45.946198303666016,3.782249381947919,8952,4.3238876049538035,-1.3797335875618586,1.2113165438578388,102.16784344613552
2023-09-30,Kawatuna,LANDSAT_8,perbukitan tropis,1200,"2023-08-19, 2023-12-15",33.94213900254677,36.312366920000045,31.092273236939473,3.410617018537131,8952,2.8498657656072943,-1.601140354013694,1.2499755824915995,106.63129805214703
2023-10-07,Kawatuna,LANDSAT_8,perbukitan tropis,1200,"2023-08-19, 2023-12-15",46.99075281715897,48.603566839999985,45.257582330040144,3.7904837289245803,4821,1.7331704871188265,-4.234982947889321,1.1468848128015707,125.24420374073087
2023-10-07,Kawatuna,LANDSAT_8,perbukitan tropis,1200,"2023-08-19, 2023-12-15",47.01663376476329,48.57280466000003,45.26784943513693,3.783071034402628,4827,1.7487843296263605,-4.261186843942156,1.1468848128015707,125.24420374073087
2023-10-08,Kawatuna,LANDSAT_9,perbukitan tropis,1200,"2023-08-19, 2023-12-15",49.452045317379294,51.55459531226064,45.62688593368764,4.312572742718159,8952,3.8251593836916555,-2.6974361068633215,1.2499755824915995,102.95828582532704
2023-10-16,Kawatuna,LANDSAT_8,perbukitan tropis,1200,"2023-08-19, 2023-12-15",57.13532457848799,59.95822928000001,52.651701062416294,5.140151470577335,7737,4.483623516071695,-2.973774723570955,1.2499755824915995,65.30689295567572
2023-10-31,Kawatuna,LANDSAT_9,perbukitan tropis,1200,"2023-08-19, 2023-12-15",56.826621303504496,59.01312656484253,52.741273591173176,3.53052722347133,8326,4.08534771233132,-0.7892014732733088,1.2113165438578388,24.220155745744705
2023-10-31,Kawatuna,LANDSAT_9,perbukitan tropis,1200,"2023-08-19, 2023-12-15",56.85594309533077,59.014855760000046,52.744592784609615,3.5217785869001004,8330,4.111350310721157,-0.7732941984097721,1.2113165438578388,24.220155745744705
2023-11-01,Kawatuna,LANDSAT_8,perbukitan tropis,1200,"2023-08-19, 2023-12-15",46.57623032441148,48.506019162575456,42.826069819383946,6.140101374058125,8952,3.7501605050275373,-6.600253404924743,1.2499755824915995,24.220155745744705
2023-11-08,Kawatuna,LANDSAT_8,perbukitan tropis,1200,"2023-08-19, 2023-12-15",55.16842353442451,56.457553625082895,51.54025519180569,3.468867959379555,6686,3.628168342618821,-2.0204374854819065,1.2113165438578388,37.997908473946154
2023-11-08,Kawatuna,LANDSAT_8,perbukitan tropis,1200,"2023-08-19, 2023-12-15",55.185569073950035,56.52311917999998,51.5299162905114,3.4680372203203778,6683,3.655652783438633,-1.9428715511521801,1.2113165438578388,37.997908473946154
2023-11-17,Kawatuna,LANDSAT_8,perbukitan tropis,1200,"2023-08-19, 2023-12-15",48.95932807871092,50.35701110000002,40.86207427212497,5.465362091515534,8931,8.097253806585947,-1.435787355156016,1.2499755824915995,43.58754065912217
2023-11-25,Kawatuna,LANDSAT_9,perbukitan tropis,1200,"2023-08-19, 2023-12-15",31.776092879070717,34.79476604000001,31.567238948902467,6.537972754785304,4980,0.2088539301682495,-9.84841841847306,1.2499755824915995,48.083679952658706
2023-12-10,Kawatuna,LANDSAT_8,perbukitan tropis,1200,"2023-08-19, 2023-12-15",48.695598704679426,50.10632643525559,44.53587745421546,3.3826168698336345,8717,4.159721250463967,-1.1947847586271365,1.2113165438578388,93.55585598014295
2023-12-10,Kawatuna,LANDSAT_8,perbukitan tropis,1200,"2023-08-19, 2023-12-15",48.71273696776725,50.133150975157506,44.545548512051624,3.3852900290375825,8716,4.167188455715625,-1.1829775949692873,1.2113165438578388,93.55585598014295
2023-12-27,Kawatuna,LANDSAT_9,perbukitan tropis,1200,"2023-08-19, 2023-12-15",44.28850459408973,45.60938132000001,40.93021622015378,2.835215814729243,8952,3.358288373935949,-0.991266529612254,1.2499755824915995,72.35781431244686
2024-01-03,Kawatuna,LANDSAT_9,perbukitan tropis,1200,"2023-08-19, 2023-12-15",34.69241497387808,35.46811597999999,33.98154577186876,2.0052139692671997,5337,0.7108692020093201,-2.523857730403165,1.2113165438578388,50.984260604251176
2024-01-03,Kawatuna,LANDSAT_9,perbukitan tropis,1200,"2023-08-19, 2023-12-15",34.75218657862742,35.52280430000002,34.03861454722507,2.0048208915527606,5337,0.7135720314023501,-2.5254520303305767,1.2113165438578388,50.984260604251176
2024-01-04,Kawatuna,LANDSAT_8,perbukitan tropis,1200,"2023-08-19, 2023-12-15",44.01518942705651,45.06933416000004,41.53743680416429,2.7255100176057967,8952,2.4777526228922255,-1.919122679375839,1.2499755824915995,63.78005961375311
2024-02-20,Kawatuna,LANDSAT_9,perbukitan tropis,1200,"2023-08-19, 2023-12-15",48.88963063398451,51.35863556853848,46.527027796043036,2.641612394434039,6536,2.3626028379414734,-0.4516170163726301,1.2113165438578388,121.98446887172759
2024-02-20,Kawatuna,LANDSAT_9,perbukitan tropis,1200,"2023-08-19, 2023-12-15",48.87305906679713,51.35678195000003,46.52391373488981,2.6372421978432734,6543,2.349145331907323,-0.44161618057633234,1.2113165438578388,121.98446887172759
2024-02-21,Kawatuna,LANDSAT_8,perbukitan tropis,1200,"2023-08-19, 2023-12-15",52.45476956573096,54.89614166000002,48.90844044457366,3.377104488160344,8952,3.5463291211573065,-0.7665077608943278,1.2499755824915995,121.98446887172759
2024-03-24,Kawatuna,LANDSAT_8,perbukitan tropis,1200,"2023-08-19, 2023-12-15",42.70015303823362,45.22998110000003,40.12510749768664,4.918856720079976,5175,2.5750455405469808,-4.732839837846562,1.2499755824915995,99.03045191988349
2024-04-01,Kawatuna,LANDSAT_9,perbukitan tropis,1200,"2023-08-19, 2023-12-15",29.012609256412972,32.285939359999986,28.4922927044124,3.326866533522543,6656,0.5203165520005726,-2.8600864114575018,0.8376125037314842,111.8075088011101
2024-04-17,Kawatuna,LANDSAT_9,perbukitan tropis,1200,"2023-08-19, 2023-12-15",46.15190015790325,47.39142499300252,43.386555695146065,3.265915891384441,8760,2.7653444627571844,-2.526962484912424,1.2499755824915995,155.20660282205787
2024-04-25,Kawatuna,LANDSAT_8,perbukitan tropis,1200,"2023-08-19, 2023-12-15",23.93324568807603,27.223851740000043,27.757033139052872,5.330239662090087,4483,-3.823787450976841,-11.193660723233002,1.2499755824915995,179.87051062751564
2024-05-11,Kawatuna,LANDSAT_8,perbukitan tropis,1200,"2023-08-19, 2023-12-15",36.92798999209629,38.22304010000005,38.451509333875194,2.6664511239837396,7513,-1.5235193417789006,-5.561371481842627,1.2499755824915995,282.714255801402
2024-05-26,Kawatuna,LANDSAT_9,perbukitan tropis,1200,"2023-08-19, 2023-12-15",-123.14852013999999,-123.14852013999999,-123.14838420102264,0.05143955949157846,5274,-1.3593897735120208E-4,-0.10301505796050492,1.069566735534049,381.9715280337259
2024-06-20,Kawatuna,LANDSAT_9,perbukitan tropis,1200,"2023-08-19, 2023-12-15",29.719115106990646,31.031526019999998,30.48032005311104,2.4734485748921924,8952,-0.7612049461203938,-4.39569118289543,1.2499755824915995,367.88474928587675
2024-06-27,Kawatuna,LANDSAT_9,perbukitan tropis,1200,"2023-08-19, 2023-12-15",35.929787762954035,38.359760900000026,34.564607387795995,2.0990260245106924,8395,1.3651803751580402,-0.40289853681735366,1.2113165438578388,338.9583367370069
2024-06-27,Kawatuna,LANDSAT_9,perbukitan tropis,1200,"2023-08-19, 2023-12-15",35.91985299997163,38.29652753000002,34.5723050766498,2.0933181333195665,8400,1.3475479233218337,-0.4624138132889115,1.2113165438578388,338.9583367370069
2024-07-14,Kawatuna,LANDSAT_8,perbukitan tropis,1200,"2023-08-19, 2023-12-15",35.32250261253713,37.775279479999995,33.8077968815435,2.2619364759130356,8952,1.5147057309936258,-0.5563903533695793,1.2499755824915995,254.91843383200467
2024-07-22,Kawatuna,LANDSAT_9,perbukitan tropis,1200,"2023-08-19, 2023-12-15",37.99457347742794,40.31918531901734,36.094727281535896,2.604604831697595,8952,1.8998461958920458,-0.984751625913745,1.2499755824915995,222.9404663909227
2024-08-06,Kawatuna,LANDSAT_8,perbukitan tropis,1200,"2023-08-19, 2023-12-15",29.216570047141786,33.35238851354336,26.101035119823404,3.8908326848607424,4321,3.1155349273183823,-0.5303119760015278,1.2113165438578388,103.88005027733745
2024-08-07,Kawatuna,LANDSAT_9,perbukitan tropis,1200,"2023-08-19, 2023-12-15",-12.20222230447224,-9.08577471999999,-7.0614155868254604,8.316720415501354,8952,-5.14080671764678,-18.657799964177237,1.2499755824915995,119.07794808410108
2024-08-15,Kawatuna,LANDSAT_8,perbukitan tropis,1200,"2023-08-19, 2023-12-15",41.72572567643073,46.467304340000055,38.43600707485166,2.907010310866371,8952,3.289718601579068,2.2172766434156514,1.2499755824915995,90.2904228977859
2024-09-24,Kawatuna,LANDSAT_9,perbukitan tropis,1200,"2023-08-19, 2023-12-15",42.68055350363622,46.84157753000002,39.497601961256386,3.315526457933246,8952,3.1829515423798327,0.7129226528771468,1.2499755824915995,95.34955221517885
2024-10-26,Kawatuna,LANDSAT_9,perbukitan tropis,1200,"2023-08-19, 2023-12-15",47.77527000845304,50.65779686000002,44.28027609435081,3.6477489531328535,8952,3.4949939141022313,-0.9179771406165003,1.2499755824915995,141.81321196909994
2024-11-10,Kawatuna,LANDSAT_8,perbukitan tropis,1200,"2023-08-19, 2023-12-15",30.959771108857808,31.995407660000012,29.497514799683838,3.9307333147197676,4547,1.46225630917397,-5.363573769123363,1.0051350044777811,97.57650140114129
2024-11-10,Kawatuna,LANDSAT_8,perbukitan tropis,1200,"2023-08-19, 2023-12-15",31.062294660380832,31.99882567999998,31.067548503298905,2.6533246528667043,3009,-0.0052538429180728485,-4.375372129032328,0.8633851961539915,97.57650140114129
2024-12-12,Kawatuna,LANDSAT_8,perbukitan tropis,1200,"2023-08-19, 2023-12-15",-123.14852013999999,-123.14852013999999,-123.14852013999999,4.165101771580296E-5,3934,0.0,-8.330203543494008E-5,1.2113165438578388,140.75833221059293
2024-12-13,Kawatuna,LANDSAT_9,perbukitan tropis,1200,"2023-08-19, 2023-12-15",30.24794471850521,34.63753712000005,20.45209588022674,11.124449186863702,8952,9.79584883827847,-8.063457133954095,1.2499755824915995,140.10054796002805
2025-01-05,Kawatuna,LANDSAT_9,perbukitan tropis,1200,"2023-08-19, 2023-12-15",22.916227456615143,24.981630620000033,19.160428387917474,6.275407866492455,8938,3.7557990686976694,-6.729613500902353,1.2113165438578388,131.24731112271547
2025-01-05,Kawatuna,LANDSAT_9,perbukitan tropis,1200,"2023-08-19, 2023-12-15",22.907734294546117,24.916688239999985,22.038308918890834,5.219069588986099,6129,0.8694253756552826,-7.559759856863046,1.2113165438578388,131.24731112271547
2025-01-06,Kawatuna,LANDSAT_8,perbukitan tropis,1200,"2023-08-19, 2023-12-15",31.614645081483673,32.91827306000005,29.355449803922554,4.734178798850631,8952,2.259195277561119,-5.9055343416237704,1.2499755824915995,135.29616904072464
2025-02-15,Kawatuna,LANDSAT_9,perbukitan tropis,1200,"2023-08-19, 2023-12-15",15.306121467877388,16.252007540000022,12.896198017866325,2.9708391854932295,8952,2.4099234500110622,-2.585868848852762,1.2499755824915995,191.29293627711013
2025-03-11,Kawatuna,LANDSAT_8,perbukitan tropis,1200,"2023-08-19, 2023-12-15",35.44979411054164,37.864148,31.538329108431164,4.144481304998531,5159,3.911465002110475,-1.9631437184282277,1.0566803893227954,156.8520764601417
2025-03-18,Kawatuna,LANDSAT_8,perbukitan tropis,1200,"2023-08-19, 2023-12-15",35.323967842810085,37.447149560000014,32.732513002744255,2.2785836976166913,7167,2.591454840065829,0.15746916202237315,1.2113165438578388,157.43795728264377
2025-03-18,Kawatuna,LANDSAT_8,perbukitan tropis,1200,"2023-08-19, 2023-12-15",35.31318658757158,37.43689549999999,32.72670085386778,2.2790607223239783,7170,2.586485733703796,0.1520732014842494,1.2113165438578388,157.43795728264377
2025-03-27,Kawatuna,LANDSAT_8,perbukitan tropis,1200,"2023-08-19, 2023-12-15",49.3728984533519,51.07821332000003,46.10536452994649,3.5302247191174683,8952,3.2675339234054093,-2.087600648181393,1.2499755824915995,91.40264633577316
2025-04-12,Kawatuna,LANDSAT_8,perbukitan tropis,1200,"2023-08-19, 2023-12-15",40.84725210344872,44.21824718000005,37.821991617789614,3.330420084878991,8952,3.0252604856591034,-0.26458460754754753,1.2499755824915995,167.78483936330306
2025-05-30,Kawatuna,LANDSAT_8,perbukitan tropis,1200,"2023-08-19, 2023-12-15",33.68340761844136,35.444189840000035,32.91998612367867,2.2272586186570678,8952,0.7634214947626887,-1.9303135209927689,1.2499755824915995,194.38436226779592
2025-07-09,Kawatuna,LANDSAT_9,perbukitan tropis,1200,"2023-08-19, 2023-12-15",35.23636487142439,37.17028994000003,33.71605797400528,2.1540135306705164,8951,1.5203068974191112,-0.8537950953462854,1.2499755824915995,237.84502330888063
2025-07-24,Kawatuna,LANDSAT_8,perbukitan tropis,1200,"2023-08-19, 2023-12-15",43.81315967257226,45.028317920000006,42.60472953324569,2.3099475946624386,4562,1.2084301393265733,-2.196306802570561,0.7345217340414554,140.61016208026558
2025-07-24,Kawatuna,LANDSAT_8,perbukitan tropis,1200,"2023-08-19, 2023-12-15",43.8114380398266,45.02148188000001,42.601973720328246,2.3073098157830367,4562,1.2094643194983519,-2.1951114718943074,0.7345217340414554,140.61016208026558
2025-07-25,Kawatuna,LANDSAT_9,perbukitan tropis,1200,"2023-08-19, 2023-12-15",44.80708551467547,47.53714460000003,41.36655530064879,2.3370149081195097,8952,3.44053021402668,1.4965594831122218,1.2499755824915995,130.62523077148944
2025-08-01,Kawatuna,LANDSAT_9,perbukitan tropis,1200,"2023-08-19, 2023-12-15",37.22257443560451,38.851955780000026,38.881143726798186,3.2227265697680307,4850,-1.658569291193679,-6.474641086334223,0.6572036567739338,116.13851177785547
2025-09-18,Kawatuna,LANDSAT_9,perbukitan tropis,1200,"2023-08-19, 2023-12-15",38.157284491459286,39.81241940000001,38.32237093209312,2.0785731877749676,5585,-0.1650864406338357,-2.667097907643047,1.2113165438578388,244.58542477805167
2025-09-18,Kawatuna,LANDSAT_9,perbukitan tropis,1200,"2023-08-19, 2023-12-15",38.123900714893814,39.79532930000005,38.296516404730994,2.0791489481634136,5585,-0.1726156898371798,-2.6594850010577744,1.2113165438578388,244.58542477805167
2025-10-05,Kawatuna,LANDSAT_8,perbukitan tropis,1200,"2023-08-19, 2023-12-15",33.91061341524531,35.02457615951575,34.957696414801646,2.5814659582600736,4095,-1.0470829995563378,-5.096052171806043,1.1082257741678099,253.04451704770324
2025-10-13,Kawatuna,LANDSAT_9,perbukitan tropis,1200,"2023-08-19, 2023-12-15",31.776390949119858,34.75033178000001,31.906944178338865,6.873369726867822,6886,-0.13055322921900725,-10.9033518520745,1.2499755824915995,216.7405555844307
2025-10-21,Kawatuna,LANDSAT_8,perbukitan tropis,1200,"2023-08-19, 2023-12-15",42.033393026937944,46.455910940000024,36.16695900789668,3.201047203761728,8952,5.8664340190412645,3.886857524579888,1.2499755824915995,167.18925782106814
2025-10-29,Kawatuna,LANDSAT_9,perbukitan tropis,1200,"2023-08-19, 2023-12-15",16.152331242630684,23.081211499999995,13.31487094884985,7.4503849843932155,3926,2.8374602937808344,-5.134429417636284,0.6572036567739338,165.70141005888578
2025-11-05,Kawatuna,LANDSAT_9,perbukitan tropis,1200,"2023-08-19, 2023-12-15",15.155678101433432,16.183647140000005,14.21508789913415,2.001217736199066,5321,0.9405902022992816,-2.033876231532279,1.2113165438578388,109.0004261303693
2025-11-05,Kawatuna,LANDSAT_9,perbukitan tropis,1200,"2023-08-19, 2023-12-15",15.139086264169519,16.217827339999985,14.12212455963312,2.0936895408943403,5412,1.0169617045363992,-2.0916763014218134,1.2113165438578388,109.0004261303693
2025-11-14,Kawatuna,LANDSAT_9,perbukitan tropis,1200,"2023-08-19, 2023-12-15",33.70647886375072,34.82894624000002,29.941849010393522,5.770979376098962,8197,3.764629853357196,-6.654861522591425,1.2499755824915995,124.51078030560166
2025-12-07,Kawatuna,LANDSAT_9,perbukitan tropis,1200,"2023-08-19, 2023-12-15",43.01475608372855,44.75486286322837,39.01686439036305,3.9613569225921763,7122,3.997891693365503,-2.184715372319033,1.2113165438578388,107.22304799268022
2025-12-07,Kawatuna,LANDSAT_9,perbukitan tropis,1200,"2023-08-19, 2023-12-15",42.992559830174905,44.748040280000055,38.997682949007405,3.974067552256837,7127,3.9948768811674995,-2.1977777735210253,1.2113165438578388,107.22304799268022
2025-12-16,Kawatuna,LANDSAT_9,perbukitan tropis,1200,"2023-08-19, 2023-12-15",31.447136814890317,33.45148418000002,28.248519201642768,2.6221182499252373,8952,3.1986176132475492,-0.041271521493221996,1.2499755824915995,97.1405983180739
2026-01-01,Kawatuna,LANDSAT_9,perbukitan tropis,1200,"2023-08-19, 2023-12-15",21.623602716359787,27.67844839999998,28.534882854176885,4.361700727998762,6493,-6.911280137817098,-9.579835910174431,1.2499755824915995,96.8640148229897
2026-01-09,Kawatuna,LANDSAT_8,perbukitan tropis,1200,"2023-08-19, 2023-12-15",35.08957446499926,36.196154240000055,33.82630334777811,2.2061250237884202,8950,1.2632711172211515,-2.042399155354893,1.2499755824915995,145.57315697660667
2026-02-01,Kawatuna,LANDSAT_8,perbukitan tropis,1200,"2023-08-19, 2023-12-15",43.8215655936368,45.633307460000026,40.97099114281512,2.8644227938783997,5623,2.850574450821675,-1.0665292705718983,1.2113165438578388,170.56922566145658
2026-02-01,Kawatuna,LANDSAT_8,perbukitan tropis,1200,"2023-08-19, 2023-12-15",43.819701612837974,45.667487660000006,40.967530022530966,2.861668003347418,5621,2.852171590307009,-1.0233783692257958,1.2113165438578388,170.56922566145658
2026-02-18,Kawatuna,LANDSAT_9,perbukitan tropis,1200,"2023-08-19, 2023-12-15",12.957790181513065,15.117224899999997,14.878435187718065,3.577842562836347,4197,-1.9206450062049996,-6.916895413390762,1.2499755824915995,130.04488599020988
2026-03-06,Kawatuna,LANDSAT_9,perbukitan tropis,1200,"2023-08-19, 2023-12-15",44.070850934509245,45.25390724,41.14740507762747,3.7366750570253,8951,2.923445856881777,-3.366847951678075,1.2499755824915995,130.21620223065838
2026-03-13,Kawatuna,LANDSAT_9,perbukitan tropis,1200,"2023-08-19, 2023-12-15",16.757994561222578,17.860516726129056,4.169813044536634,13.561313692403903,6445,12.588181516685943,-13.431923703215386,1.2113165438578388,148.91207818686962
2026-03-14,Kawatuna,LANDSAT_8,perbukitan tropis,1200,"2023-08-19, 2023-12-15",38.72547414515734,39.54006314284362,34.93733940588463,4.1031443848084805,8875,3.7881347392727136,-3.6035650326579685,1.2499755824915995,146.1432233224623
2026-03-22,Kawatuna,LANDSAT_9,perbukitan tropis,1200,"2023-08-19, 2023-12-15",37.516677646386654,38.61269437999999,37.24699834293512,2.7222331902159915,8556,0.26967930345153235,-4.078770343367111,1.2499755824915995,171.63652963284403
2026-04-07,Kawatuna,LANDSAT_9,perbukitan tropis,1200,"2023-08-19, 2023-12-15",47.463140786588326,48.98072398437502,43.42949827045741,4.298490776035485,8951,4.033642516130918,-3.0457558381533616,1.2499755824915995,151.13066455349326
2026-04-15,Kawatuna,LANDSAT_8,perbukitan tropis,1200,"2023-08-19, 2023-12-15",49.498562950198114,51.14657371999999,46.77457599484054,3.09252466664311,8950,2.7239869553575744,-1.81305160812677,1.2499755824915995,145.25997920334342
2026-04-23,Kawatuna,LANDSAT_9,perbukitan tropis,1200,"2023-08-19, 2023-12-15",35.47004122501242,36.920774480000006,33.382571203962044,2.9684651521116736,8952,2.087470021050379,-2.398727028185384,1.2499755824915995,105.14304861146957
2026-06-02,Kawatuna,LANDSAT_8,perbukitan tropis,1200,"2023-08-19, 2023-12-15",46.126188368741865,47.567906780000044,44.3930407244673,3.2833474980077693,8951,1.7331476442745668,-3.391828940482796,1.2499755824915995,185.5686914911494
2026-06-09,Kawatuna,LANDSAT_8,perbukitan tropis,1200,"2023-08-19, 2023-12-15",35.77789524378734,36.575554460000035,34.91118265846552,4.41456547301631,5158,0.8667125853218209,-7.164759144498106,1.2113165438578388,160.41614953405224
2026-06-10,Kawatuna,LANDSAT_9,perbukitan tropis,1200,"2023-08-19, 2023-12-15",39.13168629432586,40.46184320000003,40.41222641664187,3.977825070687491,7768,-1.2805401223160118,-7.9060333580168205,1.2499755824915995,177.2543472421821
2026-06-18,Kawatuna,LANDSAT_8,perbukitan tropis,1200,"2023-08-19, 2023-12-15",40.32718498931747,42.29390192000005,38.98033256380159,2.827875087807326,8950,1.346852425515884,-2.3421808194161855,1.2499755824915995,220.5982978118118
2026-06-26,Kawatuna,LANDSAT_9,perbukitan tropis,1200,"2023-08-19, 2023-12-15",43.220283888435816,44.748040280000055,41.4714511311334,3.0359587356236326,8952,1.7488327573024165,-2.7953283223806125,1.2499755824915995,196.78894498362203
2026-07-04,Kawatuna,LANDSAT_8,perbukitan tropis,1200,"2023-08-19, 2023-12-15",44.27426702965595,45.77002826000003,42.16850905290826,3.341702967712529,8929,2.1057579767476895,-3.081886728333288,1.2499755824915995,162.15863875928335
2026-07-11,Kawatuna,LANDSAT_8,perbukitan tropis,1200,"2023-08-19, 2023-12-15",40.6782703096733,41.30267612,40.592144568879434,2.698902553007079,4681,0.08612574079386803,-4.6872735548935935,0.940703273421513,126.09249348565935
2026-07-11,Kawatuna,LANDSAT_8,perbukitan tropis,1200,"2023-08-19, 2023-12-15",40.69106189334586,41.323184240000046,40.60200862076329,2.6976358295240552,4685,0.0890532725825679,-4.67409603981136,0.940703273421513,126.09249348565935
2026-07-12,Kawatuna,LANDSAT_9,perbukitan tropis,1200,"2023-08-19, 2023-12-15",46.90186483867751,48.72661556000003,44.91849376218776,3.102220630886532,8952,1.9833710764897532,-2.3963194639607934,1.2499755824915995,102.04726415500045
2026-07-20,Kawatuna,LANDSAT_8,perbukitan tropis,1200,"2023-08-19, 2023-12-15",47.965415145176614,49.355531240000005,45.95301031855576,3.3965315950466026,8951,2.012404826620852,-3.3905422686489644,1.2499755824915995,66.9692081483081
2026-07-28,Kawatuna,LANDSAT_9,perbukitan tropis,1200,"2023-08-19, 2023-12-15",45.222112812764145,46.68605762000004,43.04257401334426,3.261339211317932,8952,2.1795387994198876,-2.879194815980078,1.2499755824915995,69.5720505109057
2026-08-05,Kawatuna,LANDSAT_8,perbukitan tropis,1200,"2023-08-19, 2023-12-15",47.68471369494401,49.34869520000001,45.662264660581194,3.5743251913788865,8952,2.0224490343628148,-3.462219843338957,1.2499755824915995,62.300223232246935
2026-08-12,Kawatuna,LANDSAT_8,perbukitan tropis,1200,"2023-08-19, 2023-12-15",52.736788770848015,54.103161020000016,51.958097238294314,3.2521259108375022,6347,0.7786915325537009,-4.359188039969304,1.2113165438578388,48.42042260710149
2026-08-12,Kawatuna,LANDSAT_8,perbukitan tropis,1200,"2023-08-19, 2023-12-15",52.737407268055186,54.05872676000001,51.94986958108493,3.2502861128074785,6349,0.7875376869702535,-4.391715046699879,1.2113165438578388,48.42042260710149
2026-08-13,Kawatuna,LANDSAT_9,perbukitan tropis,1200,"2023-08-19, 2023-12-15",41.52576501158653,42.36034948311927,39.59746309810252,2.8140007897145356,8952,1.928301913484006,-2.8651151944123185,1.2499755824915995,48.42042260710149
2026-08-20,Kawatuna,LANDSAT_9,perbukitan tropis,1200,"2023-08-19, 2023-12-15",47.876251199566155,48.786430910000036,46.17727121420286,3.0791819435347185,8526,1.6989799853632945,-3.54920419127226,1.2113165438578388,40.26147869741544
2026-08-20,Kawatuna,LANDSAT_9,perbukitan tropis,1200,"2023-08-19, 2023-12-15",47.87222005306303,48.75823224500001,46.16495858902933,3.0792339417047465,8529,1.7072614640336994,-3.565194227438816,1.2113165438578388,40.26147869741544
2026-08-21,Kawatuna,LANDSAT_8,perbukitan tropis,1200,"2023-08-19, 2023-12-15",47.77728410293387,48.518116340000006,45.88128273624372,3.1698233609189512,8952,1.8960013666901503,-3.7028131180816146,1.2499755824915995,40.26400479741278
2026-08-29,Kawatuna,LANDSAT_9,perbukitan tropis,1200,"2023-08-19, 2023-12-15",55.440093347128474,56.644535185089296,52.76554554497461,3.9313014209387163,8952,2.6745478021538673,-3.9836132017627435,1.2499755824915995,21.228867570185685
2026-09-05,Kawatuna,LANDSAT_9,perbukitan tropis,1200,"2023-08-19, 2023-12-15",51.83466502984946,52.882927880000004,50.916658761972556,2.923376305121131,5150,0.9180062678769048,-3.8804834922148146,1.2113165438578388,15.779838325935998
2026-09-05,Kawatuna,LANDSAT_9,perbukitan tropis,1200,"2023-08-19, 2023-12-15",51.82477288600234,52.79949797745859,50.90017431017408,2.9167256517154234,5159,0.9245985758282629,-3.9341276361463358,1.2113165438578388,15.779838325935998
2026-09-06,Kawatuna,LANDSAT_8,perbukitan tropis,1200,"2023-08-19, 2023-12-15",49.19411479086094,49.92463157,47.2249278419115,3.2888514636767563,8952,1.9691869489494351,-3.8779991992650125,1.2499755824915995,15.779838325935998
2026-09-13,Kawatuna,LANDSAT_8,perbukitan tropis,1200,"2023-08-19, 2023-12-15",50.68662333431497,51.44052343999999,47.9122377710786,3.963473041435284,8610,2.774385563236372,-4.398660413949173,1.2113165438578388,15.779838325935998
2026-09-13,Kawatuna,LANDSAT_8,perbukitan tropis,1200,"2023-08-19, 2023-12-15",50.697235672248965,51.447359480000046,47.91725407472715,3.957883688659051,8613,2.779981597521818,-4.385661972045206,1.2113165438578388,15.779838325935998
2026-09-14,Kawatuna,LANDSAT_9,perbukitan tropis,1200,"2023-08-19, 2023-12-15",41.89808429266179,42.53658134,39.71606886757374,2.7943134528821294,8952,2.1820154250880535,-2.768114433337999,1.2499755824915995,15.779838325935998
2026-09-21,Kawatuna,LANDSAT_9,perbukitan tropis,1200,"2023-08-19, 2023-12-15",50.727273846694736,51.27645848000003,50.15371382096222,2.7191654276926935,5981,0.5735600257325189,-4.315586196347574,1.2113165438578388,11.990622534853173
2026-09-21,Kawatuna,LANDSAT_9,perbukitan tropis,1200,"2023-08-19, 2023-12-15",50.72954409526689,51.29696660000002,50.14369990782995,2.713084708648522,5991,0.5858441874369404,-4.2729027251269756,1.2113165438578388,11.990622534853173
