TPA,IZR,bujur,lintang,luas_ha
Kopiluhur,60.22748837546329,108.5466247995096,-6.7795405334288406,0.8025390031588981
Kopiluhur,44.34819430865721,108.5466247993874,-6.77873204983964,0.8025403493275465
Kopiluhur,41.51621761615716,108.5466247994751,-6.780349017630115,0.8025376568294158
Kopiluhur,34.82182198993903,108.54581631564952,-6.780349017614054,0.8025376568146696
Kopiluhur,34.51262387002976,108.54581631564083,-6.779540533470368,0.802539003142701
Kopiluhur,15.901656037154574,108.54581631579738,-6.778732049831969,0.8025403493162658
Kopiluhur,9.868576751541116,108.54581631568044,-6.781157500361394,0.802536310322726
Kopiluhur,5.508538953179658,108.5450078322408,-6.7811575005287885,0.8025363103253579
Kopiluhur,2.34877850117461,108.54500783216687,-6.780349017343285,0.8025376568150261
Kopiluhur,0.6761521009356151,108.54419934820233,-6.7803490172066105,0.8025376568255812
Kopiluhur,0.5539465180026877,108.54500783194078,-6.778732049745879,0.8025403493158413
Kopiluhur,0.3449483465619651,108.5450078320428,-6.779540533610236,0.8025390031452101
Kopiluhur,0.1323881487005647,108.5441993480688,-6.7787320498291646,0.8025403493261895
Kopiluhur,0.0,108.54419934803504,-6.779540533459643,0.8025390031541965
