date,tpa_nama,satelit,lanskap,hujan_tahunan,kejadian_kebakaran,tpa_mean,tpa_p90,ring_mean,ring_sd,dT_C,hot_excess_C,tutupan_bersih,hujan_30hr_mm
2019-04-04,Cipayung,LANDSAT_8,perkotaan padat,2800,2026-07-16,40.286037344771515,42.20110729594597,43.69909058702796,2.25818229119833,-3.4130532422564457,-6.0143478734786555,1.2113165438576357,255.84243461512784
2019-04-04,Cipayung,LANDSAT_8,perkotaan padat,2800,2026-07-16,40.37977357515541,42.321684879864854,43.75601218193726,2.2715933172486578,-3.376238606781847,-5.977513936569721,1.2113165438576357,255.84243461512784
2019-05-22,Cipayung,LANDSAT_8,perkotaan padat,2800,2026-07-16,36.25917880042964,38.099991380000006,39.60707752796515,2.3562598179124956,-3.347898727535515,-6.219605783790136,1.2113165438576357,266.28000975856486
2019-05-22,Cipayung,LANDSAT_8,perkotaan padat,2800,2026-07-16,36.29504232147168,38.14100761999998,39.63640837618816,2.359227523454577,-3.341366054716474,-6.213855803097331,1.2113165438576357,266.28000975856486
2019-06-07,Cipayung,LANDSAT_8,perkotaan padat,2800,2026-07-16,29.811197100978575,30.59060144,31.1551425067981,2.7652265315091142,-1.3439454058195253,-6.094994129816328,0.7087490416188295,145.06076970118886
2019-06-07,Cipayung,LANDSAT_8,perkotaan padat,2800,2026-07-16,29.590239042733035,30.605979172416507,31.186511127998642,2.7711656183608864,-1.596272085265607,-6.122863192303907,1.0824530817451212,145.06076970118886
2019-06-23,Cipayung,LANDSAT_8,perkotaan padat,2800,2026-07-16,30.258855854325546,31.161410779999983,36.727889652159874,2.060694894116169,-6.469033797834328,-9.687868660392226,0.695862695407578,75.93766830559792
2019-07-09,Cipayung,LANDSAT_8,perkotaan padat,2800,2026-07-16,32.63658599879346,33.86848262000001,35.11030649087181,1.721445725954738,-2.4737204920783498,-4.684715322781273,1.2113165438576357,8.624086373175185
2019-07-09,Cipayung,LANDSAT_8,perkotaan padat,2800,2026-07-16,32.69677540085013,33.90026096810813,35.14315321474493,1.7030303701006644,-2.4463778138947987,-4.648952986838125,1.2113165438576357,8.624086373175185
2019-07-25,Cipayung,LANDSAT_8,perkotaan padat,2800,2026-07-16,38.5555784534735,40.26018002000001,41.45583521639502,2.1663750736752982,-2.900256762921522,-5.528405343745611,1.2113165438576357,20.996553646501642
2019-07-25,Cipayung,LANDSAT_8,perkotaan padat,2800,2026-07-16,38.59181567942416,40.308032300000036,41.46999734913395,2.157099718036446,-2.8781816697097895,-5.476164485206802,1.2113165438576357,20.996553646501642
2019-08-10,Cipayung,LANDSAT_8,perkotaan padat,2800,2026-07-16,38.747088940713006,40.919857879999995,40.72889322316281,1.8889062805492864,-1.9818042824498008,-3.586847904261383,1.2113165438576357,30.021283955537076
2019-08-10,Cipayung,LANDSAT_8,perkotaan padat,2800,2026-07-16,38.77694489064901,40.94378402000001,40.69411061830527,1.9102160444964618,-1.9171657276562541,-3.5707586872981807,1.2113165438576357,30.021283955537076
2019-09-11,Cipayung,LANDSAT_8,perkotaan padat,2800,2026-07-16,39.82906497688304,41.89399358000003,43.129281094025714,2.2288675555310897,-3.300216117142675,-5.693022625087863,1.2113165438576357,45.30756314780361
2019-09-11,Cipayung,LANDSAT_8,perkotaan padat,2800,2026-07-16,39.84812305935104,41.90766566000002,43.13842887583401,2.2233447516762497,-3.29030581648297,-5.6774527191864905,1.2113165438576357,45.30756314780361
2019-10-13,Cipayung,LANDSAT_8,perkotaan padat,2800,2026-07-16,29.680620614579553,31.612589420000006,32.45211484637346,2.0265602093527497,-2.771494231793909,-4.8926458450789525,1.2113165438576357,63.92961668968201
2019-10-13,Cipayung,LANDSAT_8,perkotaan padat,2800,2026-07-16,29.690001423583215,31.62626150000006,32.45503214682541,2.0230010950072876,-2.7650307232421945,-4.874772836839927,1.2113165438576357,63.92961668968201
2020-04-22,Cipayung,LANDSAT_8,perkotaan padat,2800,2026-07-16,42.41527356762345,44.22508321999999,47.06570974554291,2.6089543895022227,-4.65043617791946,-8.05853530454737,1.2113165438576357,277.12341432978013
2020-04-22,Cipayung,LANDSAT_8,perkotaan padat,2800,2026-07-16,42.43124966943331,44.204575100000056,47.07359953382983,2.604022432501651,-4.642349864396515,-8.077069298833074,1.2113165438576357,277.12341432978013
2020-05-24,Cipayung,LANDSAT_8,perkotaan padat,2800,2026-07-16,39.574125675274246,41.18646344000001,43.726422812684355,2.16291667913558,-4.152297137410109,-6.865792730955505,1.2113165438576357,341.44152369494594
2020-05-24,Cipayung,LANDSAT_8,perkotaan padat,2800,2026-07-16,39.57597736313531,41.19329948000001,43.72606232086593,2.1629487540088435,-4.15008495773062,-6.85866034888361,1.2113165438576357,341.44152369494594
2020-06-09,Cipayung,LANDSAT_8,perkotaan padat,2800,2026-07-16,13.432291039947295,14.912143700000001,17.2086551250144,1.751651701955947,-3.7763640850671045,-5.799814828926291,1.1468848128013784,210.88529294197875
2020-06-09,Cipayung,LANDSAT_8,perkotaan padat,2800,2026-07-16,13.46941761717643,14.987340140000015,17.60703963463889,1.584011651698429,-4.13762201746246,-5.787722798035734,1.0824530817451212,210.88529294197875
2020-06-25,Cipayung,LANDSAT_8,perkotaan padat,2800,2026-07-16,16.172466368199288,17.072332340000003,19.518306200075013,3.7784566158863493,-3.3458398318757254,-10.002887091847711,1.2113165438576357,121.83332185735998
2020-06-25,Cipayung,LANDSAT_8,perkotaan padat,2800,2026-07-16,16.19812755430532,17.096258480000017,19.089081320552108,4.124724142756226,-2.8909537662467883,-10.242271126064544,1.2113165438576357,121.83332185735998
2020-07-27,Cipayung,LANDSAT_8,perkotaan padat,2800,2026-07-16,34.972223452221215,36.20982632000005,38.2508872422512,1.7345690744964941,-3.278663790029988,-5.510199071244145,1.2113165438576357,142.6315010051106
2020-07-27,Cipayung,LANDSAT_8,perkotaan padat,2800,2026-07-16,34.98085789285192,36.22691642000001,38.25354181446264,1.732633557519889,-3.272683921610721,-5.491892509502414,1.2113165438576357,142.6315010051106
2020-08-12,Cipayung,LANDSAT_8,perkotaan padat,2800,2026-07-16,14.406301796913558,15.882861380000008,18.77049386874435,2.168316339271032,-4.364192071830791,-7.224265167286404,0.6185446181400693,46.90020672061531
2020-08-28,Cipayung,LANDSAT_8,perkotaan padat,2800,2026-07-16,36.97741811156309,38.472555560000046,42.220383608309774,2.475315873690426,-5.2429654967466846,-8.698459795690582,1.2113165438576357,148.42786526679993
2020-08-28,Cipayung,LANDSAT_8,perkotaan padat,2800,2026-07-16,36.98155837314445,38.506735760000026,42.11800797994733,2.5541047115089923,-5.136449606802877,-8.719481642965285,1.2113165438576357,148.42786526679993
2020-09-13,Cipayung,LANDSAT_8,perkotaan padat,2800,2026-07-16,39.42282795380256,41.183045419999985,43.51816097543285,2.334423406036122,-4.095333021630289,-7.00396236750511,1.2113165438576357,69.10399982541105
2020-09-13,Cipayung,LANDSAT_8,perkotaan padat,2800,2026-07-16,39.42680279932358,41.179627400000015,43.52268711342162,2.3332099181361845,-4.095884314098036,-7.009479549693971,1.2113165438576357,69.10399982541105
2020-10-15,Cipayung,LANDSAT_8,perkotaan padat,2800,2026-07-16,41.040846970438785,43.261201580000034,45.86954110999783,2.838647490847405,-4.8286941395590475,-8.285634511692606,1.2113165438576357,447.25349720249807
2020-10-15,Cipayung,LANDSAT_8,perkotaan padat,2800,2026-07-16,41.06482865413165,43.32101693000004,45.887001495356,2.8346531574290554,-4.822172841224351,-8.235290880214073,1.2113165438576357,447.25349720249807
2020-10-31,Cipayung,LANDSAT_8,perkotaan padat,2800,2026-07-16,26.638987762815376,29.370368299999996,27.85399935429377,5.61217520718238,-1.2150115914783939,-9.70798146865853,1.2113165438576357,356.65033318090804
2020-10-31,Cipayung,LANDSAT_8,perkotaan padat,2800,2026-07-16,26.660678442751394,29.373786320000022,31.523079972050567,4.680497217032329,-4.862401529299174,-11.510288086115203,1.2113165438576357,356.65033318090804
2021-03-08,Cipayung,LANDSAT_8,perkotaan padat,2800,2026-07-16,35.122275953528366,36.70068028446155,38.60011479830325,2.8303523527163836,-3.4778388447748867,-7.560139219274468,1.2113165438576357,399.38944128132607
2021-04-25,Cipayung,LANDSAT_8,perkotaan padat,2800,2026-07-16,37.54059331812617,39.28946234,42.33653067558674,2.3456272026015283,-4.795937357460566,-7.7383227407897905,1.2113165438576357,262.8377610491227
2021-04-25,Cipayung,LANDSAT_8,perkotaan padat,2800,2026-07-16,37.60387910748633,39.35782274000002,42.39718936331303,2.3404716138784876,-4.793310255826704,-7.720309851069992,1.2113165438576357,262.8377610491227
2021-05-11,Cipayung,LANDSAT_8,perkotaan padat,2800,2026-07-16,38.7116942431536,40.458425180000006,42.857093861974015,2.2629201471496683,-4.145399618820413,-6.924508976273344,1.2113165438576357,246.02909828341288
2021-05-11,Cipayung,LANDSAT_8,perkotaan padat,2800,2026-07-16,38.71720296246804,40.45158914000001,42.8539131124886,2.2564651349030913,-4.136710150020555,-6.915254242294772,1.2113165438576357,246.02909828341288
2021-06-12,Cipayung,LANDSAT_8,perkotaan padat,2800,2026-07-16,27.73657851964353,28.908935600000007,30.256749944289258,2.2471938249021606,-2.520171424645728,-5.842201994093571,1.2113165438576357,187.026112551837
2021-06-12,Cipayung,LANDSAT_8,perkotaan padat,2800,2026-07-16,27.781794383546643,28.960205900000005,30.32363702545999,2.17858571608281,-2.541842641913348,-5.720602557625604,1.2113165438576357,187.026112551837
2021-07-30,Cipayung,LANDSAT_8,perkotaan padat,2800,2026-07-16,34.704030210475324,35.56382054000005,37.93105578346896,1.9315744032467248,-3.2270255729936395,-6.23038404996236,1.2113165438576357,116.61630952635477
2021-07-30,Cipayung,LANDSAT_8,perkotaan padat,2800,2026-07-16,34.712870683491786,35.56723856000002,37.877138329638,1.951141454916511,-3.1642676461462145,-6.212182679470999,1.2113165438576357,116.61630952635477
2021-09-16,Cipayung,LANDSAT_8,perkotaan padat,2800,2026-07-16,38.44018486936932,40.22941784000005,42.086715161873975,2.3807936875304905,-3.646530292504657,-6.618884696934906,1.2113165438576357,222.56963867364928
2021-09-16,Cipayung,LANDSAT_8,perkotaan padat,2800,2026-07-16,38.432507515996356,40.23112685000004,42.08255723916358,2.3839830186058375,-3.6500497231672213,-6.619396426375218,1.2113165438576357,222.56963867364928
2021-11-02,Cipayung,LANDSAT_9,perkotaan padat,2800,2026-07-16,36.60550292489949,38.735743100000036,38.82293123501806,2.534805439449049,-2.2174283101185708,-5.156799013916121,1.2113165438576357,495.34202458876973
2021-11-02,Cipayung,LANDSAT_9,perkotaan padat,2800,2026-07-16,36.63364969126145,38.78017736000004,39.071937258677536,2.367347960010834,-2.438287567416083,-5.026455818699162,1.2113165438576357,495.34202458876973
2021-12-13,Cipayung,LANDSAT_9,perkotaan padat,2800,2026-07-16,17.756786505649018,18.921481159999985,22.791498191655034,2.760761167134425,-5.034711686006016,-9.391539365923897,1.2113165438576357,467.46203515418745
2021-12-13,Cipayung,LANDSAT_9,perkotaan padat,2800,2026-07-16,17.744019961416843,18.88730096000006,22.788240948601736,2.761516026267956,-5.044220987184893,-9.423972041137588,1.2113165438576357,467.46203515418745
2021-12-21,Cipayung,LANDSAT_8,perkotaan padat,2800,2026-07-16,-123.14852013999999,-123.14852013999999,-123.14852013999999,8.586686136586043E-5,0.0,-1.7173372273759924E-4,1.2113165438576357,398.46872525252115
2022-01-06,Cipayung,LANDSAT_8,perkotaan padat,2800,2026-07-16,37.33605071837297,39.94914019999999,42.28115610561404,4.425222584433409,-4.945105387241071,-11.18246107448087,1.2113165438576357,216.1093529629153
2022-01-06,Cipayung,LANDSAT_8,perkotaan padat,2800,2026-07-16,37.36609291325414,40.014082580000036,41.941119382936364,4.357198088769646,-4.575026469682221,-10.64143298047562,1.2113165438576357,216.1093529629153
2022-03-27,Cipayung,LANDSAT_8,perkotaan padat,2800,2026-07-16,36.358707910288096,38.035049000000015,39.57800676265937,2.6291231223111735,-3.2192988523712742,-6.801204007281704,1.043794043111367,271.68351605881094
2022-03-27,Cipayung,LANDSAT_8,perkotaan padat,2800,2026-07-16,36.3641097026986,38.09315534000001,39.07432400175625,2.9047372691303233,-2.710214299057654,-6.790643200016888,1.1082257741676242,271.68351605881094
2022-05-06,Cipayung,LANDSAT_9,perkotaan padat,2800,2026-07-16,39.63071515173678,41.43256087999998,44.910546538073014,2.58629116892961,-5.279831386336234,-8.65056799593225,1.2113165438576357,317.3921427079874
2022-05-06,Cipayung,LANDSAT_9,perkotaan padat,2800,2026-07-16,39.63841125110605,41.44965098,44.90461066040842,2.591303385873938,-5.266199409302374,-8.6375664521563,1.2113165438576357,317.3921427079874
2022-07-01,Cipayung,LANDSAT_8,perkotaan padat,2800,2026-07-16,15.075349392145217,16.771546580000006,18.814928567191235,1.75395623769347,-3.7395791750460177,-5.55129446257817,0.8762715423650982,185.60228585457617
2022-07-09,Cipayung,LANDSAT_9,perkotaan padat,2800,2026-07-16,36.085059564149944,37.72742720000002,40.07604490684607,2.06124847137789,-3.9909853426961277,-6.47111464960183,1.2113165438576357,133.89446223059366
2022-07-09,Cipayung,LANDSAT_9,perkotaan padat,2800,2026-07-16,36.08191995691045,37.73084521999999,40.07738881249385,2.060474385233845,-3.995468855583404,-6.467492362961551,1.2113165438576357,133.89446223059366
2022-07-25,Cipayung,LANDSAT_9,perkotaan padat,2800,2026-07-16,29.91129391821758,30.946075520000022,32.71546415113041,1.3781858871586288,-2.8041702329128313,-4.525760405447649,1.2113165438576357,214.9171418607697
2022-07-25,Cipayung,LANDSAT_9,perkotaan padat,2800,2026-07-16,29.926035387879356,30.99734582000002,32.72370604443427,1.3730063808480963,-2.797670656554917,-4.472372986130445,1.2113165438576357,214.9171418607697
2022-08-02,Cipayung,LANDSAT_8,perkotaan padat,2800,2026-07-16,22.628694951298005,24.653500699999995,27.11256157234594,2.4859383967222914,-4.483866621047934,-7.430937665790523,1.2113165438576357,196.87976035776066
2022-08-02,Cipayung,LANDSAT_8,perkotaan padat,2800,2026-07-16,22.665215450082282,24.687680900000032,27.129988447780043,2.47948650413187,-4.464772997697761,-7.401280556043751,1.2113165438576357,196.87976035776066
2022-08-10,Cipayung,LANDSAT_9,perkotaan padat,2800,2026-07-16,35.340386836005486,36.924192500000004,39.07580080239547,2.26418876193797,-3.7354139663899844,-6.679985826271405,1.2113165438576357,212.72621991652852
2022-08-10,Cipayung,LANDSAT_9,perkotaan padat,2800,2026-07-16,35.36031695445159,36.95837270000004,39.07477758871577,2.261201057890878,-3.714460634264178,-6.638807004497487,1.2113165438576357,212.72621991652852
2022-08-18,Cipayung,LANDSAT_8,perkotaan padat,2800,2026-07-16,31.730699264259624,32.80206038000006,37.866566490821086,2.783645195825401,-6.135867226561462,-10.631796502471829,1.2113165438576357,123.45437211768572
2022-08-18,Cipayung,LANDSAT_8,perkotaan padat,2800,2026-07-16,31.742341222285216,32.820859490000004,37.87584938587065,2.7804127957307534,-6.133508163585436,-10.615815487332156,1.2113165438576357,123.45437211768572
2022-09-03,Cipayung,LANDSAT_8,perkotaan padat,2800,2026-07-16,13.959848127184667,15.995656040000028,18.70992394911626,3.016008108426628,-4.750075821931592,-8.746284125969488,1.2113165438576357,269.8933214143266
2022-09-11,Cipayung,LANDSAT_9,perkotaan padat,2800,2026-07-16,37.290888840912,39.32364254000004,41.47765692215926,3.0606036052578083,-4.186768081247266,-8.27522159267484,0.9664759658438583,449.34721093214756
2022-09-11,Cipayung,LANDSAT_9,perkotaan padat,2800,2026-07-16,37.288249901760366,39.30313441999999,41.475687113852395,3.05945899954202,-4.1874372120920285,-8.291470692936443,0.9664759658438583,449.34721093214756
2022-09-19,Cipayung,LANDSAT_8,perkotaan padat,2800,2026-07-16,33.03997796978063,35.040863479999985,36.4863301196318,3.1726034638813156,-3.4463521498511724,-7.79067356739445,1.2113165438576357,512.5095996893652
2022-09-19,Cipayung,LANDSAT_8,perkotaan padat,2800,2026-07-16,33.065936314643515,35.088715760000014,35.52400499811222,3.705264798399437,-2.458068683468703,-7.8458188349110785,1.2113165438576357,512.5095996893652
2022-09-27,Cipayung,LANDSAT_9,perkotaan padat,2800,2026-07-16,39.78627394232176,42.10932883999999,44.714186105278884,2.551643876359861,-4.927912162957121,-7.708145017998618,1.2113165438576357,415.84954323694694
2022-09-27,Cipayung,LANDSAT_9,perkotaan padat,2800,2026-07-16,39.80220387343695,42.08882072000006,44.72412786747776,2.5482186993627343,-4.92192399404081,-7.731744546203174,1.2113165438576357,415.84954323694694
2022-10-13,Cipayung,LANDSAT_9,perkotaan padat,2800,2026-07-16,39.804843934588696,44.03709212000001,47.578186097952205,3.031375064145731,-7.773342163363509,-9.603844106243656,1.2113165438576357,382.34708924903435
2022-10-13,Cipayung,LANDSAT_9,perkotaan padat,2800,2026-07-16,39.800879503510096,44.08152638000002,47.23827529928586,3.4868239543260073,-7.437395795775764,-10.130396827937851,1.2113165438576357,382.34708924903435
2022-10-29,Cipayung,LANDSAT_9,perkotaan padat,2800,2026-07-16,31.311284673619767,33.36945170000001,37.60479917416916,4.4658217136708735,-6.293514500549392,-13.166990901510893,1.2113165438576357,490.6160791280658
2022-10-29,Cipayung,LANDSAT_9,perkotaan padat,2800,2026-07-16,31.312281509332756,33.383123780000005,37.68827758919416,4.401858205516474,-6.375996079861402,-13.108870220227104,1.2113165438576357,490.6160791280658
2022-11-14,Cipayung,LANDSAT_9,perkotaan padat,2800,2026-07-16,15.06717274261428,16.66900598000001,19.822978895619016,3.4278485591566397,-4.755806153004736,-10.009670033932288,1.2113165438576357,487.2933241729589
2022-11-14,Cipayung,LANDSAT_9,perkotaan padat,2800,2026-07-16,15.086249918226718,16.682678060000057,20.10474882415642,3.348492350354004,-5.018498905929702,-10.11905546486437,1.2113165438576357,487.2933241729589
2022-11-22,Cipayung,LANDSAT_8,perkotaan padat,2800,2026-07-16,22.44597251771483,24.976503589999993,30.19833840160851,6.74327370538148,-7.752365883893681,-18.708382222371476,1.2113165438576357,447.0865365294523
2022-11-22,Cipayung,LANDSAT_8,perkotaan padat,2800,2026-07-16,22.443960794588694,25.012189233711936,30.070416882325702,6.8081913575477095,-7.626456087737008,-18.674610363709185,1.2113165438576357,447.0865365294523
2023-01-09,Cipayung,LANDSAT_8,perkotaan padat,2800,2026-07-16,32.703028926371125,33.97444124000003,36.97594474752054,2.1877297390269486,-4.272915821149418,-7.3769629855744085,1.2113165438576357,285.8466267086739
2023-01-09,Cipayung,LANDSAT_8,perkotaan padat,2800,2026-07-16,32.71162552786109,34.01742053202705,36.99048490291697,2.183883907486524,-4.27885937505588,-7.340832185862965,1.2113165438576357,285.8466267086739
2023-03-22,Cipayung,LANDSAT_9,perkotaan padat,2800,2026-07-16,23.09319036523769,25.063663099999985,22.053838646018825,6.794372532621511,1.039351719218864,-10.578920611261864,1.2113165438576357,351.1330380310384
2023-04-07,Cipayung,LANDSAT_9,perkotaan padat,2800,2026-07-16,34.00695044271483,36.17906414000004,39.30037145237442,2.3773118447032027,-5.293421009659589,-7.875931001780792,1.2113165438576357,210.07478407741522
2023-04-07,Cipayung,LANDSAT_9,perkotaan padat,2800,2026-07-16,33.997769243857434,36.182482160000006,39.30043766365395,2.3778738528422703,-5.302668419796518,-7.873703209338487,1.2113165438576357,210.07478407741522
2023-04-23,Cipayung,LANDSAT_9,perkotaan padat,2800,2026-07-16,36.376751953756894,38.53066190000004,41.39999200397365,2.6207049138642198,-5.0232400502167565,-8.11073993170205,1.2113165438576357,293.3421171229015
2023-04-23,Cipayung,LANDSAT_9,perkotaan padat,2800,2026-07-16,36.39063718267827,38.54091596000001,41.41038700515954,2.6157212564549934,-5.019749822481273,-8.100913558069522,1.2113165438576357,293.3421171229015
2023-05-09,Cipayung,LANDSAT_9,perkotaan padat,2800,2026-07-16,13.995140414677795,15.27103580000005,20.130073943796397,3.0349349159239623,-6.134933529118602,-10.928907975644272,0.670090002985075,369.560958281968
2023-05-09,Cipayung,LANDSAT_9,perkotaan padat,2800,2026-07-16,13.290497356744181,14.970250039999996,18.462110193217992,3.6571179974991703,-5.171612836473811,-10.806096148216337,1.1855438514351329,369.560958281968
2023-05-17,Cipayung,LANDSAT_8,perkotaan padat,2800,2026-07-16,39.67724462397625,41.69574842000003,44.7287149964658,2.2368469801472597,-5.051470372489547,-7.506660536760286,1.2113165438576357,318.57713764952143
2023-05-17,Cipayung,LANDSAT_8,perkotaan padat,2800,2026-07-16,39.705315191334584,41.74018268000003,44.68452263726821,2.2410603475556856,-4.979207445933625,-7.4264606523795464,1.2113165438576357,318.57713764952143
2023-05-25,Cipayung,LANDSAT_9,perkotaan padat,2800,2026-07-16,40.47388316329985,42.539999360000024,45.15629979760231,2.245070245439188,-4.682416634302456,-7.106440928480659,1.2113165438576357,204.85013180740123
2023-05-25,Cipayung,LANDSAT_9,perkotaan padat,2800,2026-07-16,40.517503187477175,42.59126966000002,45.1871624333283,2.2307551838813535,-4.669659245851122,-7.05740314109098,1.2113165438576357,204.85013180740123
2023-06-02,Cipayung,LANDSAT_8,perkotaan padat,2800,2026-07-16,37.721425356837315,39.20401184000002,42.30938939843213,2.180746272089639,-4.587964041594816,-7.466870102611388,1.2113165438576357,148.5465646935988
2023-06-02,Cipayung,LANDSAT_8,perkotaan padat,2800,2026-07-16,37.73883465949731,39.21426589999999,42.31403717048152,2.175463933578085,-4.575202510984212,-7.450699137637706,1.2113165438576357,148.5465646935988
2023-06-10,Cipayung,LANDSAT_9,perkotaan padat,2800,2026-07-16,38.55958575734005,40.22599982000003,42.702729237112095,2.1944098779710686,-4.143143479772043,-6.865549173054205,1.2113165438576357,61.800655921300255
2023-06-10,Cipayung,LANDSAT_9,perkotaan padat,2800,2026-07-16,38.61911904952469,40.316573992416515,42.72299325770059,2.182101294598212,-4.103874208175895,-6.7706218544804955,1.2113165438576357,61.800655921300255
2023-06-26,Cipayung,LANDSAT_9,perkotaan padat,2800,2026-07-16,30.09268833681904,31.203641316578953,32.25310025152776,2.4920750453687943,-2.160411914708721,-6.0336090256863955,1.2113165438576357,151.29767226433572
2023-06-26,Cipayung,LANDSAT_9,perkotaan padat,2800,2026-07-16,30.09281990594152,31.183043248684246,32.34330788625811,2.441142635441773,-2.2504879803165885,-6.0425499084574135,1.2113165438576357,151.29767226433572
2023-07-04,Cipayung,LANDSAT_8,perkotaan padat,2800,2026-07-16,36.800487496553956,38.10682742000006,40.892467440969206,1.9587041706330917,-4.09197994441525,-6.703048362235329,1.2113165438576357,201.22882964629537
2023-07-04,Cipayung,LANDSAT_8,perkotaan padat,2800,2026-07-16,36.870119152824536,38.185441879999985,40.95106474226494,1.9538893516160207,-4.080945589440404,-6.673401565496995,1.2113165438576357,201.22882964629537
2023-07-12,Cipayung,LANDSAT_9,perkotaan padat,2800,2026-07-16,37.35286431492689,38.920316179999986,41.80298723238488,2.034804872767681,-4.450122917457989,-6.9522807979202526,1.2113165438576357,262.16821185562964
2023-07-12,Cipayung,LANDSAT_9,perkotaan padat,2800,2026-07-16,37.37146659196529,38.95791440000005,41.81775889958001,2.032929394872739,-4.446292307614719,-6.925703289325433,1.2113165438576357,262.16821185562964
2023-07-20,Cipayung,LANDSAT_8,perkotaan padat,2800,2026-07-16,37.08040254038393,38.81777557999999,41.41216178608461,2.0325777475757096,-4.331759245700681,-6.659541701236037,1.2113165438576357,138.7937755917394
2023-07-20,Cipayung,LANDSAT_8,perkotaan padat,2800,2026-07-16,37.11520135826328,38.85537380000005,41.45149919119286,2.033607671152121,-4.336297832929581,-6.663340733497051,1.2113165438576357,138.7937755917394
2023-07-28,Cipayung,LANDSAT_9,perkotaan padat,2800,2026-07-16,21.374199337202956,22.38051740000003,24.501436568663774,1.8036956395606691,-3.1272372314608177,-5.728310447785081,1.2113165438576357,130.38682262287585
2023-08-05,Cipayung,LANDSAT_8,perkotaan padat,2800,2026-07-16,37.91646409646078,39.93888614000002,41.18418132697978,1.8041258729295107,-3.267717230519004,-4.853546932838782,1.0953394279563728,91.13596705133601
2023-08-05,Cipayung,LANDSAT_8,perkotaan padat,2800,2026-07-16,37.91532786792508,39.340732640000056,41.06820732996627,1.8654718765138432,-3.1528794620411915,-5.458418442993903,1.2113165438576357,91.13596705133601
2023-08-21,Cipayung,LANDSAT_8,perkotaan padat,2800,2026-07-16,34.38141734134372,35.67319717999999,37.64388362279714,1.6664016039037375,-3.2624662814534204,-5.303489650604625,1.2113165438576357,62.190650368845745
2023-08-21,Cipayung,LANDSAT_8,perkotaan padat,2800,2026-07-16,34.38852467756859,35.66977916000002,37.64484976602952,1.6618536542101967,-3.256325088460933,-5.2987779144499,1.2113165438576357,62.190650368845745
2023-08-29,Cipayung,LANDSAT_9,perkotaan padat,2800,2026-07-16,34.954735346947004,36.38414534000003,38.78630237550464,1.873761694418144,-3.831567028557636,-6.149680424340893,1.2113165438576357,68.73058148872022
2023-08-29,Cipayung,LANDSAT_9,perkotaan padat,2800,2026-07-16,34.95645025846436,36.38414534000003,38.761515305469956,1.8766609508142997,-3.8050650470055984,-6.130691867098527,1.2113165438576357,68.73058148872022
2023-09-06,Cipayung,LANDSAT_8,perkotaan padat,2800,2026-07-16,34.87076560708413,36.54137426,39.260927157174066,1.9342447266461227,-4.390161550089935,-6.588042350466317,1.2113165438576357,72.18275019364762
2023-09-06,Cipayung,LANDSAT_8,perkotaan padat,2800,2026-07-16,34.897355414305316,36.55162832000002,39.271578160927696,1.9287898946438073,-4.3742227466223795,-6.577529630215288,1.2113165438576357,72.18275019364762
2023-09-14,Cipayung,LANDSAT_9,perkotaan padat,2800,2026-07-16,41.96582384673265,44.71386008000002,46.733610437460904,2.2772020383725584,-4.767786590728257,-6.574154434206001,0.670090002985075,54.0865882441055
2023-09-14,Cipayung,LANDSAT_9,perkotaan padat,2800,2026-07-16,41.75480087030363,44.31736976000002,46.605837871212046,2.44379705398311,-4.851037000908413,-7.176062219178249,1.0953394279563728,54.0865882441055
2023-09-22,Cipayung,LANDSAT_8,perkotaan padat,2800,2026-07-16,41.73806820104208,43.49362694000001,47.26823534648902,2.490919217535004,-5.5301671454469385,-8.756446841559018,1.2113165438576357,43.01787343690562
2023-09-22,Cipayung,LANDSAT_8,perkotaan padat,2800,2026-07-16,41.76342667402197,43.55856932000006,47.27878771258106,2.483151219425866,-5.515361038559085,-8.68652083143273,1.2113165438576357,43.01787343690562
2023-09-30,Cipayung,LANDSAT_9,perkotaan padat,2800,2026-07-16,44.59709595527425,46.61086118000003,49.81050659721307,2.4002225347455695,-5.213410641938822,-8.000090486704181,1.2113165438576357,25.36827633732049
2023-09-30,Cipayung,LANDSAT_9,perkotaan padat,2800,2026-07-16,44.59993250223954,46.55959088000003,49.825950484140414,2.3979048354732955,-5.226017981900874,-8.062169275086973,1.2113165438576357,25.36827633732049
2023-10-08,Cipayung,LANDSAT_8,perkotaan padat,2800,2026-07-16,39.61023150567643,41.92817378000001,43.693685060188905,2.6033140320827135,-4.083453554512474,-6.972139344354325,1.2113165438576357,25.062664712122245
2023-10-08,Cipayung,LANDSAT_8,perkotaan padat,2800,2026-07-16,39.6654521772578,41.98286210000004,43.39156251476903,2.9275746606440185,-3.72611033751123,-7.2638497360570256,1.2113165438576357,25.062664712122245
2023-10-16,Cipayung,LANDSAT_9,perkotaan padat,2800,2026-07-16,43.84800299062157,46.05372392000004,49.91337681692906,2.246399706662906,-6.065373826307486,-8.352452310254833,1.2113165438576357,21.624108065006343
2023-10-16,Cipayung,LANDSAT_9,perkotaan padat,2800,2026-07-16,43.86431808253201,46.063977980000004,49.92230813624925,2.241005228971845,-6.057990053717241,-8.340340614192932,1.2113165438576357,21.624108065006343
2023-11-01,Cipayung,LANDSAT_9,perkotaan padat,2800,2026-07-16,44.425866840404524,46.67580356000002,50.04238327817175,2.770042887964843,-5.616516437767224,-8.906665494101418,1.1855438514351329,116.91253018194391
2023-11-01,Cipayung,LANDSAT_9,perkotaan padat,2800,2026-07-16,44.45696892919767,46.67922157999999,49.94506895541194,2.918079576707162,-5.488100026214269,-9.102006528826273,1.1855438514351329,116.91253018194391
2023-11-09,Cipayung,LANDSAT_8,perkotaan padat,2800,2026-07-16,23.12451700801648,24.458673560000022,28.223165862636062,2.4005001772159877,-5.098648854619583,-8.565492657068013,1.2113165438576357,188.0631453898526
2023-11-17,Cipayung,LANDSAT_9,perkotaan padat,2800,2026-07-16,39.236072375798564,41.43256087999998,43.57866759720567,2.0910709148436606,-4.342595221407109,-6.328248546893008,0.811839811308841,283.2690679897634
2023-12-19,Cipayung,LANDSAT_9,perkotaan padat,2800,2026-07-16,28.54530111007315,30.190693100000033,33.29751120073924,2.8330109698552097,-4.752210090666086,-8.772840040449623,1.2113165438576357,390.8556435168252
2023-12-19,Cipayung,LANDSAT_9,perkotaan padat,2800,2026-07-16,28.559941212495445,30.18043904000001,33.28898666428873,2.8164015393477992,-4.729045451793283,-8.74135070298432,1.2113165438576357,390.8556435168252
2024-01-20,Cipayung,LANDSAT_9,perkotaan padat,2800,2026-07-16,34.428242236599665,36.148301960000026,38.967056005030564,2.091628426532662,-4.538813768430899,-7.002010898095861,1.2113165438576357,339.3925182440484
2024-01-20,Cipayung,LANDSAT_9,perkotaan padat,2800,2026-07-16,34.418940056636224,36.14146592000003,38.96000910840095,2.091433820125303,-4.54106905176473,-7.0014108286515295,1.2113165438576357,339.3925182440484
2024-03-24,Cipayung,LANDSAT_9,perkotaan padat,2800,2026-07-16,36.5473457277057,38.233294160000014,40.272492018040616,2.186861682406268,-3.7251462903349193,-6.412921222853136,1.2113165438576357,290.53022426043367
2024-03-24,Cipayung,LANDSAT_9,perkotaan padat,2800,2026-07-16,36.59020671260514,38.31532664000002,40.23941006297103,2.1761805980054754,-3.6492033503658945,-6.276444618981962,1.2113165438576357,290.53022426043367
2024-04-01,Cipayung,LANDSAT_8,perkotaan padat,2800,2026-07-16,38.67034890677333,40.20549170000004,42.780544771891826,2.31369787017484,-4.110195865118499,-7.202448812241471,1.2113165438576357,293.75229173852495
2024-04-01,Cipayung,LANDSAT_8,perkotaan padat,2800,2026-07-16,38.697175816133495,40.19181962000005,42.87604215889553,2.2242635138305915,-4.178866342762035,-7.132749566556669,1.2113165438576357,293.75229173852495
2024-04-17,Cipayung,LANDSAT_8,perkotaan padat,2800,2026-07-16,38.38014769174591,40.10979608769635,42.63319691348895,2.503449353344028,-4.253049221743041,-7.5302995324806545,1.2113165438576357,330.08787723659543
2024-04-17,Cipayung,LANDSAT_8,perkotaan padat,2800,2026-07-16,38.40412173818104,40.164475460000006,42.645059985603844,2.4911781696769304,-4.240938247422804,-7.462940864957702,1.2113165438576357,330.08787723659543
2024-05-11,Cipayung,LANDSAT_9,perkotaan padat,2800,2026-07-16,33.67284315349181,35.034027440000045,37.34925943577487,1.8238733918999128,-3.676416282283057,-5.962978779574648,1.2113165438576357,400.2248884652012
2024-05-11,Cipayung,LANDSAT_9,perkotaan padat,2800,2026-07-16,33.67063372953386,35.037445460000015,37.34869306059526,1.8223553556788397,-3.678059331061398,-5.9559583119529265,1.2113165438576357,400.2248884652012
2024-05-19,Cipayung,LANDSAT_8,perkotaan padat,2800,2026-07-16,27.929353667340067,30.170184980000045,30.92719225967323,2.787895383159159,-2.9978385923331636,-6.3327980459915025,1.2113165438576357,309.07015171623965
2024-05-27,Cipayung,LANDSAT_9,perkotaan padat,2800,2026-07-16,35.93280944191958,37.365117080000005,39.52202853637207,2.626133639377504,-3.5892190944524884,-7.409178735127071,1.2113165438576357,138.14355539028034
2024-05-27,Cipayung,LANDSAT_9,perkotaan padat,2800,2026-07-16,35.9430083053748,37.35486302000004,39.54524020281379,2.621672156546537,-3.6022318974389833,-7.433721495906823,1.2113165438576357,138.14355539028034
2024-06-04,Cipayung,LANDSAT_8,perkotaan padat,2800,2026-07-16,33.978232617760526,35.17416625999999,38.24413761397934,1.930391919171954,-4.265904996218815,-6.930755192323254,1.2113165438576357,129.83076993855397
2024-06-04,Cipayung,LANDSAT_8,perkotaan padat,2800,2026-07-16,33.967742844213916,35.184420320000015,38.227843970143326,1.9327804695500133,-4.26010112592941,-6.908984589243339,1.2113165438576357,129.83076993855397
2024-06-12,Cipayung,LANDSAT_9,perkotaan padat,2800,2026-07-16,13.496667189451571,14.89847162000001,15.52331297877074,5.886928196740605,-2.0266457893191685,-12.398697752251941,1.2113165438576357,153.8305826043898
2024-06-12,Cipayung,LANDSAT_9,perkotaan padat,2800,2026-07-16,13.521677299332739,14.918979740000054,16.365794984305705,5.125579688543796,-2.844117684972966,-11.697974621393243,1.2113165438576357,153.8305826043898
2024-06-20,Cipayung,LANDSAT_8,perkotaan padat,2800,2026-07-16,34.82908388421394,36.233752460000005,38.981332522996695,1.8647438142034474,-4.152248638782758,-6.477067691403583,1.2113165438576357,165.65242501007495
2024-06-20,Cipayung,LANDSAT_8,perkotaan padat,2800,2026-07-16,34.845530371672794,36.250842560000024,38.98564516340581,1.8608128125323293,-4.140114791733019,-6.45642822847045,1.2113165438576357,165.65242501007495
2024-07-06,Cipayung,LANDSAT_8,perkotaan padat,2800,2026-07-16,-17.07345330861973,-15.108325960000002,-26.033771520732515,8.363411491209016,8.960318212112785,-5.801377421685519,1.2113165438576357,249.21564234319584
2024-07-14,Cipayung,LANDSAT_9,perkotaan padat,2800,2026-07-16,31.304480744817212,32.81231444000002,34.70369236195467,1.764236051840381,-3.3992116171374605,-5.419850025635412,1.2113165438576357,219.84643245482633
2024-07-22,Cipayung,LANDSAT_8,perkotaan padat,2800,2026-07-16,37.32676572223952,38.58193219999998,41.85888420645729,2.0037253925067664,-4.532118484217769,-7.284402791470839,1.2113165438576357,194.6497590357019
2024-07-22,Cipayung,LANDSAT_8,perkotaan padat,2800,2026-07-16,37.352628601380296,38.588768240000036,41.870830776500426,1.9977043898466058,-4.5182021751201304,-7.277471316193605,1.2113165438576357,194.6497590357019
2024-07-30,Cipayung,LANDSAT_9,perkotaan padat,2800,2026-07-16,36.27569350248633,37.58045234000002,40.60035581926262,1.9649096113499407,-4.3246623167762905,-6.949722701962479,1.2113165438576357,147.95715299687646
2024-07-30,Cipayung,LANDSAT_9,perkotaan padat,2800,2026-07-16,36.27591151148083,37.56336224000006,40.6028728639801,1.9637171049055027,-4.326961352499275,-6.966944833791047,1.2113165438576357,147.95715299687646
2024-08-07,Cipayung,LANDSAT_8,perkotaan padat,2800,2026-07-16,34.07289538637114,35.351889869666046,38.54734544017919,1.9220253119928141,-4.474450053808056,-7.039506194498777,1.2113165438576357,99.89106136514235
2024-08-07,Cipayung,LANDSAT_8,perkotaan padat,2800,2026-07-16,34.07454815838212,35.388378584109965,38.48136007901832,2.008185754389166,-4.406811920636201,-7.109353003686692,1.2113165438576357,99.89106136514235
2024-08-15,Cipayung,LANDSAT_9,perkotaan padat,2800,2026-07-16,35.47081679206585,37.00280696000004,40.205739345891125,1.941943736601424,-4.734922553825278,-7.086819859093929,1.2113165438576357,81.51110613808152
2024-08-15,Cipayung,LANDSAT_9,perkotaan padat,2800,2026-07-16,35.470595138016485,36.98913488000005,40.20671697501227,1.9394961227436076,-4.736121836995785,-7.096574340499437,1.2113165438576357,81.51110613808152
2024-08-31,Cipayung,LANDSAT_9,perkotaan padat,2800,2026-07-16,28.2345096745247,29.619883759999993,32.59100098696328,2.091091174550532,-4.356491312438582,-7.153299576064349,1.2113165438576357,124.75958284859855
2024-08-31,Cipayung,LANDSAT_9,perkotaan padat,2800,2026-07-16,28.24336715779709,29.636973860000012,32.59560480224092,2.0889630297068904,-4.352237644443832,-7.136557001654687,1.2113165438576357,124.75958284859855
2024-09-08,Cipayung,LANDSAT_8,perkotaan padat,2800,2026-07-16,40.652044418254135,42.13325498000006,46.04302909456566,2.3693353831689965,-5.3909846763115254,-8.648444880903597,1.2113165438576357,43.3288689769458
2024-09-08,Cipayung,LANDSAT_8,perkotaan padat,2800,2026-07-16,40.66023485648995,42.14692706000005,46.045794747395654,2.3695792602717742,-5.385559890905704,-8.638026207939149,1.2113165438576357,43.3288689769458
2024-09-16,Cipayung,LANDSAT_9,perkotaan padat,2800,2026-07-16,34.349378524277896,35.37924745999999,40.087839880112874,2.248998861429393,-5.738461355834978,-9.20659014297167,1.2113165438576357,109.19365530204057
2024-09-16,Cipayung,LANDSAT_9,perkotaan padat,2800,2026-07-16,34.350300723153595,35.34848527999998,40.09050653062079,2.247520198530331,-5.740205807467198,-9.237061647681479,1.2113165438576357,109.19365530204057
2024-10-10,Cipayung,LANDSAT_8,perkotaan padat,2800,2026-07-16,39.674079848500945,41.347110380000004,44.56628186300832,3.336966426532652,-4.892202014507376,-9.89310433607362,1.2113165438576357,274.4910595879652
2024-10-10,Cipayung,LANDSAT_8,perkotaan padat,2800,2026-07-16,39.690456038473506,41.37103652000002,44.200462993922905,3.6152531560015366,-4.5100069554493984,-10.059932785925959,1.2113165438576357,274.4910595879652
2024-10-18,Cipayung,LANDSAT_9,perkotaan padat,2800,2026-07-16,41.556838504204784,43.63034774000005,47.91835003493957,2.6983306347804428,-6.361511530734788,-9.684663564500411,1.2113165438576357,294.67308579905085
2024-10-18,Cipayung,LANDSAT_9,perkotaan padat,2800,2026-07-16,41.572135410795276,43.64401982000004,47.92347189830841,2.695646911055119,-6.35133648751313,-9.670745900418602,1.2113165438576357,294.67308579905085
2024-10-26,Cipayung,LANDSAT_8,perkotaan padat,2800,2026-07-16,40.08851286418651,41.61713396000005,46.120663764126355,2.524467831118319,-6.032150899939843,-9.552465466362946,1.2113165438576357,184.92038407298023
2024-10-26,Cipayung,LANDSAT_8,perkotaan padat,2800,2026-07-16,40.0711594523675,41.61371594000002,46.11516717519514,2.528197170708252,-6.0440077228276365,-9.557845576611626,1.2113165438576357,184.92038407298023
2024-11-19,Cipayung,LANDSAT_9,perkotaan padat,2800,2026-07-16,24.480180772175533,25.778029280000055,27.178046116060464,4.892133750789339,-2.6978653438849314,-11.184284337639085,1.2113165438576357,451.78941134889
2024-11-19,Cipayung,LANDSAT_9,perkotaan padat,2800,2026-07-16,24.502798858208436,25.832717600000024,28.356765588104082,3.7065785082541476,-3.853966729895646,-9.937205004612352,1.2113165438576357,451.78941134889
2025-01-22,Cipayung,LANDSAT_9,perkotaan padat,2800,2026-07-16,-123.14852013999999,-123.14852013999999,-123.14852013999999,4.451446273739458E-6,0.0,-8.902892545847862E-6,1.2113165438576357,321.8039433891459
2025-01-22,Cipayung,LANDSAT_9,perkotaan padat,2800,2026-07-16,-123.14852013999999,-123.14852013999999,-123.14852013999999,0.0,0.0,0.0,1.2113165438576357,321.8039433891459
2025-03-19,Cipayung,LANDSAT_8,perkotaan padat,2800,2026-07-16,-25.999089907184622,-22.641642039999965,-23.742711125375806,6.20632184474921,-2.2563787818088166,-11.31157460412258,1.2113165438576357,289.5308008203211
2025-03-27,Cipayung,LANDSAT_9,perkotaan padat,2800,2026-07-16,34.70716870072539,37.183962020000024,40.42291174070269,4.23234279681316,-5.715743039977298,-11.703635314328984,0.8504988499425953,223.1323917064556
2025-03-27,Cipayung,LANDSAT_9,perkotaan padat,2800,2026-07-16,34.3368440485375,37.187380039999994,36.51219503470273,8.69847709405588,-2.1753509861652276,-16.721769182814498,1.2113165438576357,223.1323917064556
2025-05-06,Cipayung,LANDSAT_8,perkotaan padat,2800,2026-07-16,38.16317458710242,39.62442829999998,43.169768519114996,2.1508740678230427,-5.006593932012578,-7.847088354761105,1.2113165438576357,312.1848650754884
2025-05-06,Cipayung,LANDSAT_8,perkotaan padat,2800,2026-07-16,38.19233068650825,39.67569860000003,43.18020552589806,2.144056391613344,-4.987874839389811,-7.792619709124715,1.2113165438576357,312.1848650754884
2025-05-30,Cipayung,LANDSAT_9,perkotaan padat,2800,2026-07-16,33.605050167029276,34.76400386,37.32619829046568,1.799178178978489,-3.721148123436407,-6.160550788422661,1.2113165438576357,294.07412691264193
2025-05-30,Cipayung,LANDSAT_9,perkotaan padat,2800,2026-07-16,33.68793489556676,34.76400386,37.370228658635824,1.7783998848104292,-3.6822937630690618,-6.163024568256681,1.2113165438576357,294.07412691264193
2025-06-07,Cipayung,LANDSAT_8,perkotaan padat,2800,2026-07-16,28.569454632065817,29.599375640000005,32.822536312790525,2.0157206629424893,-4.2530816807247085,-7.254601998675497,1.2113165438576357,302.4241154526555
2025-06-07,Cipayung,LANDSAT_8,perkotaan padat,2800,2026-07-16,28.648292829003662,29.65406396000003,32.64984374467362,2.105934385519586,-4.001550915669956,-7.207648555712758,1.2113165438576357,302.4241154526555
2025-06-15,Cipayung,LANDSAT_9,perkotaan padat,2800,2026-07-16,40.21493065630716,41.702584460000026,44.492284955291474,2.267299274374957,-4.277354298984314,-7.324299044041361,1.2113165438576357,248.88934014056085
2025-06-15,Cipayung,LANDSAT_9,perkotaan padat,2800,2026-07-16,40.21342698439673,41.65815020000002,44.497453812598174,2.2637330081848663,-4.284026828201441,-7.366769628967887,1.2113165438576357,248.88934014056085
2025-07-09,Cipayung,LANDSAT_8,perkotaan padat,2800,2026-07-16,32.65534709607863,33.73859786000003,36.393876740356895,1.5963792092347393,-3.738529644278266,-5.848037298826348,1.2113165438576357,436.7556668164194
2025-07-09,Cipayung,LANDSAT_8,perkotaan padat,2800,2026-07-16,32.733309611983586,33.85481054000002,36.42925020642655,1.5774009836029002,-3.695940594442966,-5.729241633632334,1.2113165438576357,436.7556668164194
2025-07-17,Cipayung,LANDSAT_9,perkotaan padat,2800,2026-07-16,19.12581765173188,20.04259172000002,22.993070402158242,1.7341694179553466,-3.8672527504263634,-6.418817518068916,1.1211121203788756,427.2270184210105
2025-07-17,Cipayung,LANDSAT_9,perkotaan padat,2800,2026-07-16,19.203792914177356,20.114370140000005,21.182967396365104,2.8108920224857936,-1.979174482187748,-6.690381301336686,1.2113165438576357,427.2270184210105
2025-07-25,Cipayung,LANDSAT_8,perkotaan padat,2800,2026-07-16,37.14548811896711,38.78359538000001,41.324802261687665,1.975687256082396,-4.179314142720557,-6.492581393852447,1.2113165438576357,354.4586588042651
2025-07-25,Cipayung,LANDSAT_8,perkotaan padat,2800,2026-07-16,37.15306827087752,38.79726746000006,41.328186484445645,1.9730524463941699,-4.175118213568126,-6.477023917233929,1.2113165438576357,354.4586588042651
2025-08-02,Cipayung,LANDSAT_9,perkotaan padat,2800,2026-07-16,35.58114184062159,37.07458538000003,39.93874517137344,1.8636124853691551,-4.35760333075185,-6.591384762111723,1.2113165438576357,181.64953595538472
2025-08-02,Cipayung,LANDSAT_9,perkotaan padat,2800,2026-07-16,35.5871475024132,37.03015112000003,39.944410984680474,1.860380043728596,-4.357263482267271,-6.63501995213764,1.2113165438576357,181.64953595538472
2025-08-10,Cipayung,LANDSAT_8,perkotaan padat,2800,2026-07-16,37.82402844349181,39.131828654473715,41.885819326092815,2.03657762139419,-4.061790882601002,-6.827145914407481,1.2113165438576357,299.99909728442054
2025-08-10,Cipayung,LANDSAT_8,perkotaan padat,2800,2026-07-16,37.85573746988118,39.17324966000001,41.9016830641917,2.028095335496039,-4.045945594310524,-6.784624075183771,1.2113165438576357,299.99909728442054
2025-08-18,Cipayung,LANDSAT_9,perkotaan padat,2800,2026-07-16,37.676418302504594,39.00576668000002,42.102489640589056,2.5782655111125634,-4.426071338084462,-8.253253982814158,1.2113165438576357,312.92445291105173
2025-08-18,Cipayung,LANDSAT_9,perkotaan padat,2800,2026-07-16,37.702699321508256,39.02627480000001,42.10303968846607,2.604477059840352,-4.400340366957813,-8.285719008146764,1.2113165438576357,312.92445291105173
2025-08-26,Cipayung,LANDSAT_8,perkotaan padat,2800,2026-07-16,37.21010001399454,38.97842251999998,42.119868809209805,2.2626789092290363,-4.909768795215264,-7.6668041076679,1.2113165438576357,399.8172175680944
2025-08-26,Cipayung,LANDSAT_8,perkotaan padat,2800,2026-07-16,37.244715711261456,39.00918469999999,42.13128089280328,2.252674115150625,-4.886565181541826,-7.627444423104542,1.2113165438576357,399.8172175680944
2025-09-03,Cipayung,LANDSAT_9,perkotaan padat,2800,2026-07-16,24.492098192202953,25.925004140000055,28.49867319737709,2.351068321163325,-4.006575005174138,-7.275805699703682,1.2113165438576357,388.93119199146594
2025-09-03,Cipayung,LANDSAT_9,perkotaan padat,2800,2026-07-16,24.497477251709352,25.907914040000037,28.50362460996536,2.3523969083853227,-4.006147358256008,-7.300504386735966,1.2113165438576357,388.93119199146594
2025-09-27,Cipayung,LANDSAT_8,perkotaan padat,2800,2026-07-16,19.957904598628904,21.163702280000052,25.526538317915115,3.4129276358847327,-5.568633719286211,-11.188691309684529,1.2113165438576357,385.39929997643765
2025-09-27,Cipayung,LANDSAT_8,perkotaan padat,2800,2026-07-16,19.998752748847117,21.24231673999998,26.310195127936208,3.1371855648439535,-6.31144237908909,-11.34224951762414,1.1984301976463843,385.39929997643765
2025-10-05,Cipayung,LANDSAT_9,perkotaan padat,2800,2026-07-16,27.692601423959797,28.70385440000001,33.940382764533695,2.1223352424293087,-6.247781340573898,-9.4811988493923,0.6572036567738236,488.21239103642546
2025-10-05,Cipayung,LANDSAT_9,perkotaan padat,2800,2026-07-16,27.763124864599583,29.240483540000014,33.02157099920884,2.437946069877558,-5.258446134609258,-8.656979598963943,0.8762715423650982,488.21239103642546
2025-11-22,Cipayung,LANDSAT_9,perkotaan padat,2800,2026-07-16,37.46383714180076,39.836345540000025,43.17089839284437,2.9122057014893152,-5.707061251043612,-9.15896425582298,1.2113165438576357,433.0391957667447
2025-11-22,Cipayung,LANDSAT_9,perkotaan padat,2800,2026-07-16,37.478588331608805,39.867107720000035,43.175459534692884,2.911181459723935,-5.696871203084079,-9.130714734140717,1.2113165438576357,433.0391957667447
2025-11-30,Cipayung,LANDSAT_8,perkotaan padat,2800,2026-07-16,33.33244953325414,35.040863479999985,39.201634279185896,2.349424536621108,-5.869184745931754,-8.859619872428127,1.2113165438576357,347.4501216619514
2025-11-30,Cipayung,LANDSAT_8,perkotaan padat,2800,2026-07-16,33.37381153274226,35.07504368000002,39.09926428948044,2.410960599989059,-5.7254527567381786,-8.846141809458537,1.2113165438576357,347.4501216619514
2025-12-24,Cipayung,LANDSAT_9,perkotaan padat,2800,2026-07-16,-123.14852013999999,-123.14852013999999,-122.43042417538899,3.5155355309681817,-0.7180959646109955,-7.7491670265473545,1.2113165438576357,349.3750018500543
2026-01-01,Cipayung,LANDSAT_8,perkotaan padat,2800,2026-07-16,-2.205181561782434,-0.9577231600000005,2.0533702166986187,5.623771684479546,-4.258551778481053,-14.25863674565771,1.2113165438576357,403.75790226736746
2026-01-09,Cipayung,LANDSAT_9,perkotaan padat,2800,2026-07-16,14.351895993199285,16.330622000000005,19.66789950202492,2.9862492025168415,-5.316003508825634,-9.309775907058597,1.2113165438576357,391.7752146462137
2026-03-14,Cipayung,LANDSAT_9,perkotaan padat,2800,2026-07-16,38.17276767715723,40.74553886000001,44.524797959126566,2.548341868296355,-6.352030281969334,-8.875942835719265,1.2113165438576357,269.8354353655217
2026-03-14,Cipayung,LANDSAT_9,perkotaan padat,2800,2026-07-16,38.13669013932362,40.71477668,44.52106228807053,2.5498752433487,-6.3843721487469125,-8.906036094767934,1.2113165438576357,269.8354353655217
2026-03-22,Cipayung,LANDSAT_8,perkotaan padat,2800,2026-07-16,15.345129394768561,16.496474245267187,20.59828153838868,2.3934676570639337,-5.2531521436201185,-8.888742607249359,1.1211121203788756,237.75136615601625
2026-03-22,Cipayung,LANDSAT_8,perkotaan padat,2800,2026-07-16,15.462900204707516,16.79547272000002,19.35319189701969,2.3008442906419684,-3.890291692312175,-7.159407758303608,1.2113165438576357,237.75136615601625
2026-03-30,Cipayung,LANDSAT_9,perkotaan padat,2800,2026-07-16,31.775014973190164,33.89240876000002,37.59856933630824,2.239076076414574,-5.823554363118074,-8.18431272913736,1.2113165438576357,324.8159025325332
2026-03-30,Cipayung,LANDSAT_9,perkotaan padat,2800,2026-07-16,31.784817393537505,33.906080840000016,37.607614678333746,2.2353896230751142,-5.822797284796241,-8.17231308448396,1.2113165438576357,324.8159025325332
2026-04-07,Cipayung,LANDSAT_8,perkotaan padat,2800,2026-07-16,17.15778677966786,18.002190930344863,23.59662043549024,2.110778121661946,-6.438833655822382,-9.81598574846927,1.1726575052238815,413.2454694500266
2026-04-15,Cipayung,LANDSAT_9,perkotaan padat,2800,2026-07-16,33.512261824479,35.73472154000001,38.42267369536972,2.4246237894682685,-4.910411870890719,-7.537199734306242,1.2113165438576357,485.0295131483744
2026-04-15,Cipayung,LANDSAT_9,perkotaan padat,2800,2026-07-16,33.51854190682818,35.76890174000005,38.043530735750096,2.6517622891775083,-4.524988828921913,-7.578153574105066,1.2113165438576357,485.0295131483744
2026-05-25,Cipayung,LANDSAT_8,perkotaan padat,2800,2026-07-16,12.448947205137134,15.556440470000013,21.63830076841701,6.7270297022010554,-9.189353563279877,-19.535919702819108,1.2113165438576357,266.0979984102324
2026-05-25,Cipayung,LANDSAT_8,perkotaan padat,2800,2026-07-16,12.440757287623423,15.542768389999992,21.38873556914786,6.918129276278748,-8.947978281524435,-19.68222573170536,1.2113165438576357,266.0979984102324
2026-06-02,Cipayung,LANDSAT_9,perkotaan padat,2800,2026-07-16,29.462023551215754,31.038362060000054,34.0293443088509,2.2743374942184977,-4.567320757635148,-7.539657237287841,1.2113165438576357,171.4882609194448
2026-06-02,Cipayung,LANDSAT_9,perkotaan padat,2800,2026-07-16,29.471556931800755,31.041780080000024,34.04837783434922,2.279047340809692,-4.576820902548462,-7.564692435968581,1.2113165438576357,171.4882609194448
2026-06-10,Cipayung,LANDSAT_8,perkotaan padat,2800,2026-07-16,32.89977701027424,34.14534223999999,37.42601546052531,1.837666349533262,-4.526238450251071,-6.9560059195918456,1.2113165438576357,109.71907415241004
2026-06-10,Cipayung,LANDSAT_8,perkotaan padat,2800,2026-07-16,32.920545838482646,34.16588643408971,37.435630826172684,1.8322636578673779,-4.515084987690038,-6.934271707817736,1.2113165438576357,109.71907415241004
2026-06-18,Cipayung,LANDSAT_9,perkotaan padat,2800,2026-07-16,35.42525933445159,36.77038160000001,39.399440081843366,1.7820921295559637,-3.9741807473917774,-6.193242740955284,1.2113165438576357,85.98691314060326
2026-06-18,Cipayung,LANDSAT_9,perkotaan padat,2800,2026-07-16,35.439810219817225,36.80000444000001,39.40410755093871,1.7759273018866937,-3.964297331121486,-6.155957714712088,1.2113165438576357,85.98691314060326
2026-06-26,Cipayung,LANDSAT_8,perkotaan padat,2800,2026-07-16,35.44390170709328,36.640496840000026,39.01967272976752,1.9312591942087085,-3.575771022674239,-6.241694278184909,1.2113165438576357,34.30241543811191
2026-06-26,Cipayung,LANDSAT_8,perkotaan padat,2800,2026-07-16,35.45485353473493,36.63878783000001,38.817603944498245,2.076134423690243,-3.362750409763315,-6.331084961878716,1.2113165438576357,34.30241543811191
2026-07-04,Cipayung,LANDSAT_9,perkotaan padat,2800,2026-07-16,34.97607349800734,36.14146592000003,37.69436422159312,1.8203038415575,-2.718290723585781,-5.193505984708089,1.2113165438576357,30.46689165701238
2026-07-04,Cipayung,LANDSAT_9,perkotaan padat,2800,2026-07-16,34.98726069204756,36.11070374000002,37.5803482338923,1.871606306516904,-2.5930875418447386,-5.212857106926087,1.2113165438576357,30.46689165701238
2026-07-12,Cipayung,LANDSAT_8,perkotaan padat,2800,2026-07-16,34.05718172851008,35.36899340000002,37.51069297722374,1.6794968119900793,-3.45351124871366,-5.50069320120388,1.2113165438576357,28.951511360878172
2026-07-12,Cipayung,LANDSAT_8,perkotaan padat,2800,2026-07-16,34.0761367079982,35.40659162000003,37.473701017882675,1.7776051375784407,-3.3975643098844728,-5.622319673039527,1.2113165438576357,28.951511360878172
2026-07-20,Cipayung,LANDSAT_9,perkotaan padat,2800,2026-07-16,32.88266538709327,33.68390954000003,36.507194402318284,1.5957979302139067,-3.624529015225015,-6.014880722746064,1.2113165438576357,11.031514790631078
2026-07-20,Cipayung,LANDSAT_9,perkotaan padat,2800,2026-07-16,32.88474879629804,33.677333096455705,36.35305265810646,1.7049245319630817,-3.4683038618084225,-6.085568625576919,1.2113165438576357,11.031514790631078
2026-07-28,Cipayung,LANDSAT_8,perkotaan padat,2800,2026-07-16,35.89610964115177,36.903684380000016,39.67673366818774,1.6183721299869342,-3.7806240270359694,-6.009793548161589,1.2113165438576357,12.955232041750767
2026-07-28,Cipayung,LANDSAT_8,perkotaan padat,2800,2026-07-16,35.9175562759872,36.92761052000003,39.68621378275463,1.6127391440176693,-3.7686575067674255,-5.984081550789938,1.2113165438576357,12.955232041750767
2026-08-05,Cipayung,LANDSAT_9,perkotaan padat,2800,2026-07-16,35.71599481037481,36.85241408000002,39.686242850294356,1.8455202250931122,-3.9702480399195466,-6.524869220480561,1.2113165438576357,12.382959007292756
2026-08-05,Cipayung,LANDSAT_9,perkotaan padat,2800,2026-07-16,35.72026820324502,36.84899605999999,39.65776191620978,1.867515310124782,-3.937493712964759,-6.543796476459349,1.2113165438576357,12.382959007292756
2026-08-13,Cipayung,LANDSAT_8,perkotaan padat,2800,2026-07-16,37.37156691776055,38.48964566000001,41.4867037228535,1.835136427964531,-4.115136805092945,-6.667330918782554,1.2113165438576357,12.382959007292756
2026-08-13,Cipayung,LANDSAT_8,perkotaan padat,2800,2026-07-16,37.34949732569472,38.472555560000046,41.463847549587626,1.8387373268329903,-4.114350223892906,-6.668766643253562,1.2113165438576357,12.382959007292756
2026-08-29,Cipayung,LANDSAT_8,perkotaan padat,2800,2026-07-16,36.61404710702927,38.038467019999985,38.83619188741342,2.4001853307629464,-2.2221447803841485,-5.598095528939325,1.2113165438576357,28.805851521793493
2026-08-29,Cipayung,LANDSAT_8,perkotaan padat,2800,2026-07-16,36.52821873634372,37.95643454000003,38.753957289155935,2.3663243456962473,-2.225738552812217,-5.530171440548401,1.2113165438576357,28.805851521793493
2026-09-06,Cipayung,LANDSAT_9,perkotaan padat,2800,2026-07-16,37.74900401536566,38.96475043999999,41.90607089136294,1.6882509836681452,-4.15706687599728,-6.317822418699237,1.2113165438576357,26.488727715963773
2026-09-06,Cipayung,LANDSAT_9,perkotaan padat,2800,2026-07-16,37.76035454257772,38.98867658000006,41.912935074538986,1.6849498184326395,-4.152580531961263,-6.2941581314042025,1.2113165438576357,26.488727715963773
2026-09-14,Cipayung,LANDSAT_8,perkotaan padat,2800,2026-07-16,42.0949954429068,43.52780714000005,45.8761130890983,1.6959490642947972,-3.781117646191497,-5.740204077687842,1.2113165438576357,26.488727715963773
2026-09-14,Cipayung,LANDSAT_8,perkotaan padat,2800,2026-07-16,42.012953589908605,43.43210257999999,45.75629750015202,1.68556694110049,-3.743343910243418,-5.695328802353011,1.2113165438576357,26.488727715963773
