date,satelit,tpa_mean,tpa_p90,ring_mean,ring_sd,ring_count,dT_C,hot_excess_C,tutupan_bersih,hujan_30hr_mm
2019-02-15,LANDSAT_8,-19.033076336672305,-9.289663459646304,-14.025167938396844,12.186409453815905,8781,-5.007908398275461,-19.637314428881268,1.1422280154406061,316.2777633520022
2019-05-06,LANDSAT_8,42.214411856815545,48.055316432000026,36.84536000130325,4.908745897752546,8155,5.369051855512296,1.3924646351916863,1.1422280154406061,202.3107826521952
2019-05-22,LANDSAT_8,42.81560833347901,46.06739600000003,38.842365029793285,2.5415433182198095,10388,3.9732433036857273,2.1419443337671282,1.1422280154406061,176.44255082411308
2019-06-23,LANDSAT_8,43.9518844861677,48.228723980000005,38.59196779599513,2.157537372621342,6737,5.359916690172568,5.321681438762191,0.9354745764439385,62.830232087012426
2019-07-25,LANDSAT_8,48.52777668407923,52.8521657,42.15480752623054,2.6767673084827983,10616,6.3729691578486865,5.343823556803862,1.1422280154406061,10.319109109983051
2019-09-11,LANDSAT_8,49.623605571396894,53.64628568000003,43.25177308132595,3.5280653673375326,10616,6.371832490070943,3.338381863999011,1.1422280154406061,17.564705603743253
2019-10-29,LANDSAT_8,51.22455710050531,55.84635122,45.65916111057462,4.1398331475242856,4625,5.5653959899306855,1.907523814376809,1.0303777943440482,9.535861513386033
2020-04-22,LANDSAT_8,54.53302590656534,58.15949625500001,47.076837120008946,3.682313990244739,10528,7.456188786556396,3.718031154501581,1.1422280154406061,175.60949424603217
2020-05-24,LANDSAT_8,47.94302405712953,50.71761221,43.24704902493326,3.104091908914059,9817,4.695975032196266,1.2623793672386228,1.1422280154406061,268.2205117841902
2020-07-27,LANDSAT_8,43.95991589665284,46.83986851999998,38.65503919351277,2.736253796928664,9566,5.304876703140067,2.7123217326298814,1.1422280154406061,81.24368741296946
2020-09-13,LANDSAT_8,48.70323484629563,52.07798417000001,40.89420927405792,3.1956989957355146,10608,7.809025572237708,4.792376904471055,1.1422280154406061,24.143624268166004
2020-10-15,LANDSAT_8,55.82341373932967,61.81848666500002,47.39265056048504,3.8580345481709513,10610,8.430763178844636,6.709767008173081,1.1422280154406061,176.1013293763342
2021-03-08,LANDSAT_8,37.29975653079872,40.718194700000026,33.862964715867406,3.0914313583651163,7402,3.4367918149313113,0.672367267402386,0.8981911694117526,362.98517232561767
2021-04-09,LANDSAT_8,47.43052904939984,51.41773664000001,42.600203625837985,3.26701174253014,7439,4.8303254235618525,2.2835095291017424,1.1422280154406061,137.9390414896077
2021-05-11,LANDSAT_8,50.28284439746072,53.52978816500003,43.948097817134446,3.1640138800475257,10532,6.334746580326275,3.2536625877705276,1.1422280154406061,105.60237475372341
2021-07-30,LANDSAT_8,45.975781817720545,49.80101318000002,39.581387949678295,2.8231500660935573,7557,6.3943938680422505,4.57332509813461,1.1422280154406061,66.0350447239941
2021-09-16,LANDSAT_8,48.29488590885445,51.660416060000045,43.48680764497555,3.233411483914424,10539,4.8080782638788975,1.7067854471956494,1.1422280154406061,169.47809481620789
2021-12-21,LANDSAT_8,-105.97687781338819,-101.03485848828569,-100.8571032032753,13.472484346658277,10616,-5.119774610112884,-27.122723978326945,1.1422280154406061,218.45683454814025
2022-03-03,LANDSAT_9,42.78743444087412,45.55127498000002,40.39880216369182,3.1862272878391953,10570,2.388632277182303,-1.2199817593701923,1.1422280154406061,271.82052715183937
2022-03-27,LANDSAT_8,43.65895541766879,46.737327919999984,40.582690538942856,3.037341413743744,10605,3.0762648787259366,0.07995455356964243,1.1422280154406061,202.08071513943477
2022-04-04,LANDSAT_9,50.537105613941016,54.595355900000044,45.5838156494642,3.3780388398609116,10602,4.9532899644768165,2.255462570814018,1.1422280154406061,158.5084585351487
2022-07-01,LANDSAT_8,36.694716275955244,39.64379708000001,29.942965332418698,2.141392647206528,10616,6.751750943536546,5.418046453168259,1.1422280154406061,123.16238424835142
2022-07-09,LANDSAT_9,46.705006870569015,49.96735682000002,40.61540806289643,2.892820864452078,10591,6.089598807672587,3.5663070281994393,1.1422280154406061,75.35275790748533
2022-08-02,LANDSAT_8,33.91322090381217,36.47643188000003,29.467481115826082,2.9408506641098424,8881,4.445739787986085,1.127249435954262,1.1422280154406061,113.50053486105513
2022-08-18,LANDSAT_8,44.52747367436835,47.38675172000001,38.52956925827848,2.824918653254893,10399,5.997904416089874,3.2073451552117405,1.1422280154406061,63.082297374124394
2022-09-11,LANDSAT_9,37.625401856690516,39.73266560000002,34.328536564960345,2.459702117875986,7807,3.296865291730171,0.4847247992877044,1.1422280154406061,226.9914099745554
2022-09-19,LANDSAT_8,40.20744602770373,42.65507270000003,37.73259620788888,3.3698936747391084,7414,2.4748498198148496,-1.8173108573670689,0.7049953329722435,228.21853371352367
2022-10-29,LANDSAT_9,46.69632194965879,50.859460040000045,38.85190810269251,4.969845875402673,5906,7.844413846966276,2.0678601865021875,0.9286957751653593,252.73664889760212
2023-02-10,LANDSAT_8,40.19171180944041,42.20845142000002,36.801165649961675,3.7428850108601774,6404,3.3905461594787383,-2.0784842516820135,1.1083340090477098,183.53648477466137
2023-02-18,LANDSAT_9,30.566785898817113,33.46601076500001,31.937322782712272,3.5901126193566686,6797,-1.3705368838951593,-5.651537256425598,0.728721137447271,252.04167349167068
2023-03-22,LANDSAT_9,39.51734322636186,41.54193752000003,37.844324635813905,3.3707242103592754,9744,1.6730185905479544,-3.04383553653242,1.1422280154406061,346.36112337569665
2023-03-30,LANDSAT_8,29.674632784349253,31.197612613780496,25.64061492545619,3.174141798670117,6194,4.034017858893062,-0.7912859090159294,1.1422280154406061,210.4489555015956
2023-04-07,LANDSAT_9,48.57421866055554,51.709692515,44.77416509875093,3.8773874471760537,10600,3.80005356180461,-0.819247478103037,1.1422280154406061,153.072193780174
2023-04-23,LANDSAT_9,51.140242165091706,53.89580114,45.7967670816639,4.235508595015818,7114,5.343475083427805,-0.37198313169553643,1.1422280154406061,152.40034684742966
2023-05-17,LANDSAT_8,49.61404335568118,52.01133278000003,43.199989458540145,2.9340742384792384,8619,6.414053897141038,2.943194844501413,1.0642718007369445,177.64768355186672
2023-05-25,LANDSAT_9,45.52480733603193,47.144072300000005,41.27667488204123,2.1322275556838752,10602,4.248132453990699,1.602942306591025,1.1422280154406061,142.59532067302158
2023-06-02,LANDSAT_8,45.47327815252161,47.32408802000001,40.51571910321481,2.6761266797171417,10611,4.957559049306795,1.4561155573509126,1.1422280154406061,106.62691407252665
2023-06-10,LANDSAT_9,49.51701325276191,51.72080108,43.3045910004425,3.061115445163008,9140,6.2124222523194135,2.293979189231486,1.1422280154406061,37.84085329346461
2023-06-26,LANDSAT_9,35.816806143584074,36.821421101221866,34.48016099042674,2.632040250502102,10610,1.3366451531573347,-2.9228203902090755,1.1422280154406061,106.6320893829816
2023-07-12,LANDSAT_9,41.19463264792207,42.85787522000001,40.41143193396674,2.6428160461627015,10334,0.7832007139553312,-2.839188806292128,1.1422280154406061,135.23553954085259
2023-07-20,LANDSAT_8,46.63070803337485,49.17608519000004,40.03898154324141,2.6733483717725997,10593,6.591726490133439,3.790406903213423,1.1422280154406061,65.784988680931
2023-07-28,LANDSAT_9,46.35665163068011,48.159651492500025,40.52231811534522,2.7498382569242414,10616,5.83433351533489,2.1376568633063187,1.1422280154406061,76.07739011718803
2023-08-13,LANDSAT_9,43.58811202721621,46.41831272000002,35.93691311913675,4.158973550500604,8619,7.651198908079465,2.1634524998620606,1.1422280154406061,32.3869174375926
2023-08-29,LANDSAT_9,43.5573687887989,45.60767231,39.24245232186922,2.6450719902752335,7058,4.314916466929674,1.0750760075803072,1.1422280154406061,39.94886688663536
2023-09-06,LANDSAT_8,40.82735225663443,43.033048745000016,34.54097964254919,2.957274455803427,8753,6.286372614085238,2.5775201908439698,1.1422280154406061,41.31912746168163
2023-09-22,LANDSAT_8,54.9090050941691,58.396194140000034,46.099068831719684,3.964541864050404,10609,8.809936262449419,4.368041580179543,1.1422280154406061,25.39035456637814
2023-09-30,LANDSAT_9,53.90834177612969,56.81023286000004,45.91995639952475,3.2388856495251437,7880,7.988385376604938,4.412505161425003,1.1422280154406061,10.548867962131762
2023-10-16,LANDSAT_9,60.20983648407551,63.91971446000002,50.409385922542924,3.365659646933996,10616,9.800450561532585,6.779009243589108,1.1422280154406061,3.731654807312848
2023-12-11,LANDSAT_8,54.29601294598784,58.608111380000025,44.07414964911534,3.057221348438756,9744,10.221863296872499,8.419519034007173,1.0066519898690207,202.03557116487258
2024-02-13,LANDSAT_8,36.605812885186275,38.45416335714288,35.32869086822462,2.998029732089177,8062,1.2771220169616555,-2.870586975260089,1.1422280154406061,255.86120574768276
2024-05-27,LANDSAT_9,36.84548150639202,37.76046806000003,36.43226641147909,2.950782905699762,9464,0.4132150949129283,-4.573364162878583,1.1422280154406061,113.75297622484703
2024-06-12,LANDSAT_9,13.465015548783386,15.16678619000001,7.877335296814445,7.0391657799988,10616,5.587680251968941,-6.788880666812034,1.1422280154406061,133.38370683585129
2024-06-20,LANDSAT_8,42.304096507994764,44.394844880000015,37.088559371954496,2.4471470485577695,10598,5.215537136040268,2.4119914109299785,1.1422280154406061,128.7507395874964
2024-07-14,LANDSAT_9,40.13575951863477,42.543417379999994,36.28427107553989,3.044068640484624,10057,3.8514884430948797,0.17100902349085345,1.1422280154406061,142.9269634615885
2024-07-22,LANDSAT_8,46.46547974070351,48.89945043973686,40.56832865072561,3.0754838291549382,10609,5.897151089977896,2.180154130701375,1.1422280154406061,125.61600737049156
2024-07-30,LANDSAT_9,45.73151947476169,48.15466688,39.58448125071853,2.9270440266848556,9955,6.147038224043158,2.7160975759117534,1.1422280154406061,100.43856286675963
2024-08-07,LANDSAT_8,41.177402517137565,43.35946965500003,36.943110176139896,2.648649794308411,10522,4.234292340997669,1.1190598902433067,1.1422280154406061,32.570704809606895
2024-08-15,LANDSAT_9,43.38638768644333,45.141112580000026,37.68964740326166,2.6435879099978634,10606,5.6967402831816685,2.1642893567426427,1.1422280154406061,17.398856669256134
2024-08-31,LANDSAT_9,40.43681155620873,42.82369502,34.56561787835436,3.136736386704637,10504,5.871193677854372,1.9846043682363685,1.1422280154406061,59.77378373593092
2024-09-08,LANDSAT_8,52.60911379215444,54.96022953500001,43.859818524862014,3.2262154426221987,6686,8.749295267292425,4.6479801248936,0.8405713585438288,42.374927066674786
2024-09-16,LANDSAT_9,43.71217627665751,45.48177524000001,38.24338450033261,3.146924794644541,9039,5.468791776324899,0.9445411503783205,1.1117234096869995,46.34767106746974
2024-10-02,LANDSAT_9,37.729678253754685,39.55777691000003,33.05670441919804,2.3525644979537477,3927,4.672973834556643,1.7959434948944946,0.8032879515116429,87.96935296926188
2024-10-10,LANDSAT_8,53.8799707541381,56.94866267000003,43.88875872818752,3.117496721364327,4497,9.991212025950581,6.824910499083863,1.1422280154406061,83.95433575864116
2024-10-18,LANDSAT_9,54.59639599827824,58.201367000000005,46.40544084644477,3.5060143877109744,9747,8.190955151833471,4.78389737813329,1.1422280154406061,105.942438595099
2024-10-26,LANDSAT_8,51.22150169159247,53.346069589999985,46.474302070564306,3.6608628310481994,10615,4.747199621028166,-0.4499581426607193,1.1422280154406061,74.72593810297039
2024-11-19,LANDSAT_9,41.065407218109094,43.26598680800004,32.72828212293217,3.7298888976728226,7457,8.337125095176923,3.077926889722221,1.1354492141620267,172.40919007667125
2025-01-06,LANDSAT_9,24.31693798740371,26.528854340000027,22.204718001729024,3.7848639304202787,5788,2.1122199856746846,-3.245591522569555,1.1422280154406061,215.3203474626149
2025-01-22,LANDSAT_9,-123.14852013999999,-123.14852013999999,-123.14852013999999,4.320159609367505E-6,499,0.0,-8.640319222763537E-6,1.1422280154406061,285.3528797846951
2025-04-04,LANDSAT_8,28.930101563447618,34.34016938000002,28.032735848849896,5.1442595181125155,4884,0.8973657145977221,-3.9810855050749083,1.1422280154406061,152.87353143626694
2025-05-06,LANDSAT_8,46.053547593571466,49.39654748000001,42.58635042637862,2.8714773796759774,9779,3.467197167192843,1.067242294269434,1.0778294032941031,141.98118776164645
2025-07-25,LANDSAT_8,42.75208561368812,45.72673334000004,39.1467353942112,2.511605010681429,10608,3.605350219476925,1.5567879244259828,1.1422280154406061,187.34136346431626
2025-08-02,LANDSAT_9,41.52351772089793,44.028888872,38.26248290109899,2.700135324534037,10579,3.2610348197989367,0.3661353218329353,1.1422280154406061,94.74044324927134
2025-08-10,LANDSAT_8,43.391862889337204,47.96439710000001,41.35255262262475,3.4037915809020953,5121,2.039310266712455,-0.19573868442892461,0.7660045444794569,168.42477318685349
2025-08-26,LANDSAT_8,39.77817301856666,41.54779178829791,38.46023998250102,2.506512615229632,8862,1.3179330360656394,-1.9254734246623784,1.1422280154406061,243.10384811440562
2025-09-03,LANDSAT_9,41.853843267002595,44.401111250000014,37.792190017761044,3.7858967712745577,10591,4.061653249241552,-0.9628723103101464,1.1422280154406061,219.969024184632
2025-11-30,LANDSAT_8,44.60950524152099,48.025921460000006,36.27314642485787,3.0023741515914253,3856,8.336358816663122,5.7480267319592855,1.1422280154406061,123.45695798614459
2025-12-08,LANDSAT_9,40.95950494024976,43.52736202807075,37.3042807050892,3.5196539434330916,10583,3.65522423516056,-0.8162265638846335,1.1422280154406061,152.64020004016282
2026-01-01,LANDSAT_8,-21.559370350842446,-5.49685371999999,-12.656307283496506,10.144749488724532,10298,-8.90306306734594,-13.130045413952548,1.1422280154406061,268.35641697334916
2026-01-09,LANDSAT_9,23.73232812342333,27.533752220000014,23.127764668760552,3.691217060601514,5413,0.6045634546627774,-2.976446569963567,1.0202095924261794,313.8147311275952
2026-01-25,LANDSAT_9,30.694456711254418,32.95701062000003,27.832537655019006,2.556505070292496,6455,2.8619190562354113,0.01146282439602686,0.9964837879511519,525.9539446308189
2026-02-10,LANDSAT_9,32.134992564224035,34.84432733000003,31.336707441179133,2.9689688081346275,6622,0.7982851230449022,-2.4303177274483616,1.1422280154406061,539.9428781858862
2026-03-14,LANDSAT_9,43.54275287027445,47.53372658000001,42.5860687440678,3.3589663040607265,10592,0.9566841262066461,-1.7702747721892464,1.1422280154406061,284.8912855065236
2026-03-30,LANDSAT_9,34.37554719008966,37.92909038000002,33.58789484028165,2.947399182150662,10323,0.7876523498080132,-1.5536028245829527,1.1422280154406061,255.37069793759963
2026-04-15,LANDSAT_9,44.79562861018686,50.438346702135924,41.39327562134479,3.5729106396965538,9278,3.4023529888420683,1.899249801398021,1.1422280154406061,275.7170176816313
2026-06-02,LANDSAT_9,46.52368494207224,50.650106315000045,42.94553676147744,3.2610199574241516,10615,3.578148180594795,1.1825296386742963,1.1422280154406061,129.89873047305707
2026-06-10,LANDSAT_8,37.42468840308039,39.915814505000014,33.88419231583193,2.406027662773766,10473,3.5404960872484565,1.2195668636205497,1.1422280154406061,97.5737117494214
2026-06-18,LANDSAT_9,42.13373995477047,44.15354115244682,38.53262051921323,2.6084755569564413,9655,3.601119435557237,0.4039695193207038,0.9286957751653593,73.616399554153
2026-06-26,LANDSAT_8,40.463093800878696,42.017042300000014,38.97058208944041,2.3506087707153194,10409,1.4925117114382829,-1.6547573308710355,1.1422280154406061,28.618333874908213
2026-07-12,LANDSAT_8,35.93031743440146,37.605232985000015,32.39971138466708,2.139282788265577,9616,3.5306060497343807,0.9269560238017789,1.1422280154406061,16.18135713061241
2026-07-20,LANDSAT_9,39.27046210690613,40.82757134000002,34.49397474695513,1.7367604290811152,7855,4.776487359950998,2.860075734882656,1.1422280154406061,15.12754769112966
2026-07-28,LANDSAT_8,43.72284715600363,45.23355565269996,38.742820245995354,2.5932238704228214,10568,4.980026910008277,1.3042876658589648,1.1422280154406061,7.26767214601987
2026-08-13,LANDSAT_8,43.88660925182298,45.694831820000026,39.870697127148915,2.7783336783000627,9917,4.015912124674067,0.26746733625098784,1.1218916116048683,9.175748740973537
2026-08-21,LANDSAT_9,44.08438388103292,45.84180668000002,39.23757761579029,3.060984379466155,5345,4.846806265242627,0.48226030527741415,1.0541035988190757,14.264024828901922
2026-08-29,LANDSAT_8,50.63926802128115,52.84874768000003,43.259196296454725,3.592850126732644,10616,7.380071724826422,2.403851130080021,1.1422280154406061,19.568424874071468
2026-09-06,LANDSAT_9,44.12547195195791,46.08448609999999,39.14175725465788,2.8557178380051003,10602,4.98371469730003,1.2312931693319058,1.087997605211972,14.698311248357243
