date,satelit,tpa_mean,tpa_p90,ring_mean,ring_sd,dT_C,hot_excess_C,tutupan_bersih,hujan_30hr_mm
2019-02-15,LANDSAT_8,21.095550010018613,25.16962172000001,18.16734625592235,0.9207985257444203,2.9282037540962627,5.160678412588819,0.6933157968888635,293.585204763381
2019-04-04,LANDSAT_8,36.059313718354026,41.442814940000005,33.02776279346904,1.401210241015821,3.0315509248849892,5.612631664499325,1.1059024981049357,291.6561241873813
2019-05-06,LANDSAT_8,29.051267616853202,33.786450140000056,27.099046952054074,2.288285718531461,1.9522206647991283,2.110831750883058,0.6167533162508295,315.5559598652049
2019-05-22,LANDSAT_8,28.441982014956615,34.09748996000002,27.195076248267725,1.7064762147364088,1.24690576668889,3.4894612822594766,0.6571612921431252,227.01854734452246
2019-06-07,LANDSAT_8,31.702665353533686,38.91006212000004,26.442890572405215,1.8315484055248765,5.2597747811284705,8.804074736545076,1.1144094403980505,113.68409493890138
2019-07-09,LANDSAT_8,31.91954774623466,36.22235906000001,28.68275013965259,1.257233611790485,3.236797606582069,5.02514169676645,1.1144094403980505,17.85714601073721
2019-07-25,LANDSAT_8,37.94159696061319,44.71044205999999,31.89030159857832,2.0799737162307315,6.051295362034871,8.660193028960208,1.1144094403980505,18.361702336729948
2019-08-10,LANDSAT_8,39.10013925704963,45.39062804000004,33.43114390617866,2.4403241477414563,5.668995350870965,7.078835838338463,1.1144094403980505,11.45406912498348
2019-09-11,LANDSAT_8,41.840151210508594,47.017605560000014,36.27783337539904,2.2706118466584426,5.562317835109553,6.198548491284086,1.1144094403980505,27.214636133842337
2019-10-13,LANDSAT_8,31.342503526681266,35.53745787692697,28.301721265535836,2.4525019620871142,3.0407822611454307,2.3307326872169085,1.1144094403980505,33.235028045012214
2019-11-30,LANDSAT_8,33.23935297257521,39.5555796114286,30.168184426078014,3.057368548608282,3.071168546497198,3.2726580881340226,1.088888613518706,195.59627653820675
2020-01-17,LANDSAT_8,37.56627644227465,42.955288790000026,33.50852446770169,2.0724910149938665,4.057751974572959,5.301782292310605,0.9357636522426378,333.3651743289267
2020-04-22,LANDSAT_8,37.578033789541635,42.8430638,34.854115953999404,2.193831749031799,2.723917835542231,3.6012843479370034,0.9102428253632932,310.41784719272016
2020-05-08,LANDSAT_8,27.285924359929513,31.653035990000035,24.778411612627007,1.5619025859813271,2.5075127473025063,3.750819205410373,1.1144094403980505,247.4433008467797
2020-05-24,LANDSAT_8,38.77693660966154,45.97510946000003,34.11012359568873,1.7747539277693347,4.6668130139728135,8.31547800877263,1.1144094403980505,365.4147768760277
2020-06-09,LANDSAT_8,31.423795857206986,37.81172749032091,27.35268575672164,1.7107864452907595,4.071110100485345,7.037468843017752,1.1144094403980505,332.8219866681806
2020-06-25,LANDSAT_8,3.607703402310651,8.164972220000019,4.949537142703186,2.906552360377602,-1.3418337403925347,-2.597669643458371,0.9102428253632932,135.7321463048261
2020-07-27,LANDSAT_8,36.40327750295832,43.71579824000003,30.71287588136864,2.0242669362759256,5.690401621589679,8.954388486079537,1.1144094403980505,107.16527025160615
2020-09-13,LANDSAT_8,42.57187245085964,49.83291470000001,35.47440972325029,2.814958983314896,7.097462727609347,8.72858701011993,1.1144094403980505,60.82430847721917
2020-09-29,LANDSAT_8,35.980491563278534,41.71055984000001,30.21877724806012,2.769420833116922,5.761714315218413,5.952940925706045,1.1144094403980505,219.4547015068554
2020-10-15,LANDSAT_8,36.223433311478395,47.69551286000003,30.436270395933583,4.134909715006406,5.787162915544812,8.989423034053637,1.1144094403980505,302.77209624815293
2020-10-31,LANDSAT_8,41.4398380628197,47.77916823709304,32.2031007435451,4.685529982146403,9.236737319274603,6.205007529255134,1.1144094403980505,327.92677964629115
2020-11-16,LANDSAT_8,28.710040410569455,36.52001163500002,25.542457662518206,2.8683202158050847,3.167582748051249,5.240913540871642,1.0442271664798526,342.4110888411896
2020-12-02,LANDSAT_8,33.97618878812687,39.07412707999998,30.456949396963648,1.8611266964953914,3.5192393911632216,4.894924290045552,1.1144094403980505,400.78721712918167
2020-12-18,LANDSAT_8,-21.87178810990292,-21.145522167304772,-18.515864706463365,2.4904893932581436,-3.3559234034395544,-7.610636247357695,1.1144094403980505,433.8579864415397
2021-03-24,LANDSAT_8,16.119329638417845,21.032633287527197,11.558408033813485,3.755624794357171,4.56092160460436,1.9629756649993695,1.1144094403980505,227.086285978654
2021-04-09,LANDSAT_8,36.22612108618063,42.38277044000006,32.417039969166765,1.9414362853044353,3.809081117013868,6.082857900224425,0.9719181569883761,239.20847720517574
2021-04-25,LANDSAT_8,39.041432672133816,47.18280986000002,33.28052798821547,2.242972954440918,5.760904683918348,9.416335962902714,1.1144094403980505,257.538813491859
2021-05-11,LANDSAT_8,36.89841630102792,41.393823320000024,33.13887113314222,2.122038744323969,3.7595451678857046,4.010874698209868,1.1144094403980505,242.4337167440861
2021-05-27,LANDSAT_8,34.26735909853867,39.221101940000025,30.94374834604583,1.6081513301387298,3.32361075249284,5.061050933676739,0.9442705945357527,260.24707167219407
2021-06-12,LANDSAT_8,27.049906628522617,30.674342930000023,25.6979744150726,2.2853301151029703,1.3519322134500165,0.4057082847214808,1.1144094403980505,210.6338817191989
2021-07-30,LANDSAT_8,37.47047164990912,44.36864006000002,31.920458541361754,1.7073917541747567,5.550013108547368,9.03339801028875,1.1144094403980505,79.32031362678352
2021-08-15,LANDSAT_8,32.9663181450757,38.790431420000004,28.371002448727207,1.9935730682814152,4.595315696348489,6.432282834709966,1.1144094403980505,51.33046909212672
2021-09-16,LANDSAT_8,35.177475160166416,41.59577133500002,30.682435534474028,1.7404639919447504,4.495039625692389,7.432407816636498,1.1144094403980505,266.4340658565559
2021-10-02,LANDSAT_8,19.132729135130354,25.46357144000001,12.482537552717908,2.113159674387721,6.650191582412447,8.754714538506661,0.8081595178459144,289.7663340112163
2021-11-02,LANDSAT_9,37.133169627105545,42.52461827000002,33.33722881165629,2.102674652358861,3.7959408154492564,4.982040153626009,1.1144094403980505,436.2320494132466
2022-01-06,LANDSAT_8,42.058539050646345,51.92451507200002,34.521992800237776,2.3450591430758827,7.53654625040857,12.712403985610479,1.1144094403980505,282.69661842793124
2022-03-11,LANDSAT_8,23.287426185442865,29.18237720000002,17.97694125473514,4.12574532786321,5.310484930707723,2.95394528953846,0.8315536091519804,280.53330443794573
2022-03-27,LANDSAT_8,28.369901778088362,32.59527017000002,29.48517788111802,2.7681946813648697,-1.1152761030296574,-2.426297073847735,1.0931420846652633,303.5695892403227
2022-04-12,LANDSAT_8,30.539950606083096,35.13485903000003,26.86964572056695,1.2670702285339372,3.6703048855161455,5.731072852365205,0.903862618643457,244.69439545716386
2022-04-20,LANDSAT_9,33.78991184798791,38.62978448000001,30.58067779478096,1.7503386234560112,3.2092340532069485,4.548429438307032,1.1144094403980505,305.1468116174829
2022-05-30,LANDSAT_8,32.94370646738415,38.221900760000004,29.577530681054412,2.0268264738448645,3.366175786329741,4.590717131255865,1.0782549356523121,365.71044380043196
2022-06-07,LANDSAT_9,35.06235141828557,39.410232380000046,31.211185844575343,1.6567825018733613,3.8511655737102295,4.885481531677982,1.1144094403980505,357.9335252129205
2022-06-23,LANDSAT_9,18.178886960792035,21.90712163000002,14.314670963395972,2.1716913693592983,3.8642159973960624,3.249067927885452,1.1144094403980505,236.88432117263864
2022-07-01,LANDSAT_8,24.372091435254813,29.103762739999997,21.279903118651657,1.392546629365618,3.0921883166031563,5.038766362617103,1.1144094403980505,224.44568688562597
2022-07-09,LANDSAT_9,35.88759785466064,42.28022984000004,30.494594228704592,1.930904645773879,5.393003625956048,7.92382631974769,1.1144094403980505,179.7230229794782
2022-08-02,LANDSAT_8,28.387537917926174,33.415025300000025,21.06163588348563,3.4535483245952374,7.325902034440546,5.446292767323921,1.1144094403980505,184.87234433492023
2022-08-10,LANDSAT_9,34.05071897915861,38.96218692500001,29.580126733714692,2.263108075522213,4.4705922454439175,4.855844040240896,1.1144094403980505,147.4668316416221
2022-08-18,LANDSAT_8,36.19282934665404,42.22798296285716,30.80780801788136,1.479912769710653,5.385021328772677,8.460349405554496,1.1144094403980505,89.73769428706404
2022-08-26,LANDSAT_9,38.616869772898546,46.040906345000025,30.746702740899867,2.1827580737688206,7.87016703199868,10.928687456562514,1.1144094403980505,110.7251631198543
2022-09-11,LANDSAT_9,35.93507620492333,41.03094353000003,30.571565780537725,1.5908559737031556,5.363510424385602,7.277665802055992,0.9910587771478846,322.32189539792904
2022-09-27,LANDSAT_9,42.41054415563232,49.94400035000001,35.28281863009608,2.2069173774932795,7.127725525536242,10.24734696491737,1.1144094403980505,396.45083351182456
2022-10-29,LANDSAT_9,39.83440375628053,47.036404670000024,32.22990545577684,3.009542827446256,7.604498300503693,8.787413559330673,1.1144094403980505,463.2897727497339
2022-11-14,LANDSAT_9,21.956708494147456,26.76754607000001,17.150225622404736,2.345526893211828,4.80648287174272,4.926266661171617,0.8060327822726358,455.1154154236166
2022-11-22,LANDSAT_8,34.7125140614779,41.05657868000003,27.63726275594377,2.1124074197699585,7.0752513055341275,9.194501084516343,1.1144094403980505,460.8676571090622
2022-12-16,LANDSAT_9,30.905528232069347,36.457632770000004,22.071167643989526,10.629800769320513,8.834360588079821,-6.873136412630544,1.1144094403980505,397.68721090055527
2023-01-09,LANDSAT_8,38.271131648266525,45.161620700000014,31.19448365481203,2.055971856284041,7.076647993454497,9.855193332619905,1.1144094403980505,238.3385929652173
2023-01-17,LANDSAT_9,26.87373852915041,33.03277673000002,27.753059189750974,3.290015847639157,-0.8793206606005661,-1.3003141550292625,0.8336803447252591,242.8901834645287
2023-03-22,LANDSAT_9,-9.502102075884409,-6.851476330277238,-6.625687925269032,3.5238390771351566,-2.8764141506153766,-7.2734665592785195,1.1144094403980505,244.28628312479148
2023-04-07,LANDSAT_9,26.82229000849936,32.648249480000004,22.132732334735138,2.226725559654905,4.68955767376422,6.062066025955055,1.1144094403980505,246.04631677476482
2023-04-15,LANDSAT_8,40.23137593161284,46.69631168000002,29.92094245006824,5.369615011061759,10.3104334815446,6.036139207808262,1.1144094403980505,301.99137109341007
2023-05-09,LANDSAT_9,11.655463521279751,15.134315000000015,10.134084985484392,2.950394763363987,1.5213785357953586,-0.9005595122123502,0.8847219984839485,375.5816483269429
2023-05-17,LANDSAT_8,36.84448249289251,42.16914419,33.1789249819554,1.76614799051144,3.665557510937113,5.457923227021723,1.1144094403980505,298.02428117364934
2023-05-25,LANDSAT_9,36.44547912653082,41.64561746000004,32.394911409497176,1.6959916018082668,4.050567717033644,5.85872284688633,1.1144094403980505,184.08687984549957
2023-06-02,LANDSAT_8,21.505227467360278,25.64130848000002,16.281815268037843,1.5060224103072248,5.223412199322436,6.347448391347729,0.7613713352337825,128.71251581092872
2023-06-10,LANDSAT_9,35.38702689732382,39.96793931000002,31.781996868266887,1.6865338921407864,3.605030029056934,4.812874657451559,1.1144094403980505,45.63820536262524
2023-06-18,LANDSAT_8,36.717839799306624,42.406696580000016,31.826808456677057,1.9508353248164183,4.891031342629567,6.678217473690125,1.1144094403980505,77.80458151940068
2023-06-26,LANDSAT_9,32.51087009860267,36.40943868800002,29.819865115048987,1.6150169443823763,2.691004983553686,3.359539684186281,1.1144094403980505,102.28059829737091
2023-07-04,LANDSAT_8,34.369395900045056,39.287753330000044,30.236945384606745,1.573341740714084,4.132450515438311,5.9041244639651325,1.1144094403980505,125.47332831971319
2023-07-12,LANDSAT_9,35.0869814584602,40.63958024000001,30.481151393508018,1.6870252087040252,4.605830064952183,6.784378429083937,1.1144094403980505,149.07585246334767
2023-07-20,LANDSAT_8,36.354700151132676,42.46138490000003,30.703540078461117,1.7819467743613149,5.6511600726715585,8.193951272816278,1.1144094403980505,80.70331150785137
2023-07-28,LANDSAT_9,32.94603604675512,38.279779232000024,28.128430176950022,1.5142272819712532,4.817605869805096,7.122894491107495,1.1144094403980505,75.17583356045259
2023-08-05,LANDSAT_8,38.040182610378004,44.59217856800002,31.440431791444883,1.745121778358792,6.599750818933121,9.661503219837556,1.1144094403980505,48.825183975421155
2023-08-13,LANDSAT_9,38.27907050240017,45.01464583999999,30.974338923871557,2.002608614860056,7.30473157852861,10.035089686408327,1.1144094403980505,28.849193019048602
2023-08-21,LANDSAT_8,36.75126188253925,42.426065359999996,30.974796907729626,2.0655761389465916,5.77646497480962,7.320116174377183,1.1144094403980505,41.31797600421967
2023-08-29,LANDSAT_9,40.41111005911792,50.38606427000002,31.06421769812335,1.825468289246397,9.346892360994566,15.670909993383873,1.1144094403980505,42.22791794975205
2023-09-06,LANDSAT_8,42.18955334683685,53.33980322000002,31.995289350128328,2.2312770522345406,10.194263996708525,16.881959765402613,1.1144094403980505,44.550551258691456
2023-09-22,LANDSAT_8,45.76629129193891,55.33950768285716,35.04965613506078,2.805407888262695,10.716635156878134,14.67903577127099,1.1144094403980505,26.579466358663222
2023-09-30,LANDSAT_9,50.00953907437293,60.54349074605812,38.028084625687,3.1683695273044465,11.98145444868593,16.178667065762227,1.1144094403980505,21.04473206863151
2023-10-08,LANDSAT_8,43.54710003584381,52.68126470000002,33.99841930184565,2.389847743680768,9.548680733998161,13.903149910792834,1.1144094403980505,13.169545730741895
2023-10-16,LANDSAT_9,43.69999320199417,51.53988303598542,35.11172789839209,2.6627621343993004,8.588265303602078,11.102630868794726,1.1144094403980505,18.024719663185646
2023-10-24,LANDSAT_8,43.01898822242509,46.64572498400001,37.51199165714822,1.895584662667167,5.506996565276864,5.342564001517452,1.1144094403980505,80.44684327317542
2023-11-01,LANDSAT_9,48.93072312154771,57.54448570181822,39.830515712407774,3.9847872193902805,9.100207409139934,9.744395550629882,1.1144094403980505,111.41424373903682
2023-12-11,LANDSAT_8,45.40375749630729,50.909265474285746,35.79258246317755,2.31680776905164,9.61117503312974,10.483067473004915,1.1144094403980505,393.3204922141021
2023-12-27,LANDSAT_8,45.45596488166008,48.89922557000003,38.764519376769705,2.5528801583555256,6.691445504890375,5.028945876519273,1.0016924550142783,230.90573778561628
2024-01-28,LANDSAT_8,35.549001279304136,39.541256480000015,26.995151752874552,3.5692242869572692,8.553849526429584,5.407656153210922,1.0038191905875569,279.43891736225714
2024-03-24,LANDSAT_9,39.96133605477488,46.57782032000002,33.48470930545135,2.1870794135927483,6.476626749323536,8.718952187363179,0.7145831526216507,277.4952088456736
2024-04-17,LANDSAT_8,41.221345451619875,46.467987944,34.61151270170822,2.080218088735996,6.609832749911654,7.696039064819786,1.1144094403980505,277.0927066165621
2024-05-03,LANDSAT_8,38.9250793723168,44.20343576000001,33.89008744004467,1.8969137853980418,5.034991932272135,6.519520749159263,1.1144094403980505,374.0130744995456
2024-05-11,LANDSAT_9,35.08484549636876,39.03408741714288,29.950393660837218,1.7471228675154173,5.134451835531539,5.589448021274826,1.1144094403980505,272.13682158551984
2024-05-19,LANDSAT_8,38.986900278482295,43.466282780000014,32.44613273195363,2.0485241507117666,6.540767546528663,6.923101746622848,1.1144094403980505,186.61807256681294
2024-05-27,LANDSAT_9,36.55859937219054,40.72503074000002,31.478732844807695,1.82425749286757,5.079866527382848,5.597782909457187,1.1144094403980505,66.9736660625478
2024-06-04,LANDSAT_8,30.68329653564337,33.96675069500003,27.01665631042539,1.3329911908346022,3.6666402252179786,4.284112002905438,1.1144094403980505,107.76353550321197
