date,sensor,day_tpa,day_ring,night_tpa,night_ring
2019-01-04,Terra,35.20142857142861,33.23000000000002,,
2019-01-06,Terra,,,25.871012658227887,25.250000000000057
2019-03-18,Terra,30.751375661375675,32.23000000000002,,
2019-03-29,Terra,35.06714285714288,34.610000000000014,,
2019-04-07,Terra,32.59000000000003,32.81,,
2019-05-05,Terra,32.723968253968266,32.77000000000004,22.656835443038002,23.170000000000016
2019-05-19,Terra,32.882380952380984,33.190000000000055,,
2019-05-21,Terra,,,21.27000000000004,24.470000000000027
2019-05-23,Terra,33.68153439153444,32.27000000000004,,24.510000000000048
2019-05-26,Terra,,,20.92587301587304,21.470000000000027
2019-05-28,Terra,33.23698412698416,32.690000000000055,,24.29000000000002
2019-05-30,Terra,34.23000000000002,33.07000000000005,,
2019-06-06,Terra,34.07994708994712,32.89000000000004,,
2019-06-10,Terra,33.82860465116284,33.27000000000004,,
2019-06-13,Terra,31.690000000000055,33.83000000000004,,24.190000000000055
2019-06-17,Terra,32.0119047619048,31.57000000000005,,24.890000000000043
2019-06-18,Terra,33.00449735449736,32.450000000000045,,23.870000000000005
2019-06-20,Terra,,33.59000000000003,21.832539682539707,21.77000000000004
2019-06-23,Terra,,,20.890000000000043,22.03000000000003
2019-06-25,Terra,33.68841269841273,33.29000000000002,,
2019-06-26,Terra,31.92227513227517,31.630000000000056,,24.83000000000004
2019-06-27,Terra,33.94365079365084,33.73000000000002,23.962380952380983,23.83000000000004
2019-06-29,Terra,33.80185185185188,33.05000000000001,,22.810000000000002
2019-07-01,Terra,33.80576719576724,32.75957055214729,,
2019-07-06,Terra,,30.390000000000043,23.476329113924074,23.090000000000032
2019-07-08,Terra,34.908941798941825,33.419570552147256,,21.110000000000014
2019-07-10,Terra,33.13740740740744,31.79544935805993,,24.150000000000034
2019-07-12,Terra,33.44830687830692,32.49000000000001,,23.410000000000025
2019-07-13,Terra,33.67074074074077,33.136533864541875,,22.77000000000004
2019-07-15,Terra,34.80005291005295,33.35000000000002,22.986507936507962,23.130000000000052
2019-07-17,Terra,34.23656084656087,32.95000000000004,,20.77000000000004
2019-07-19,Terra,33.50968253968256,32.75761837455836,,
2019-07-22,Terra,33.86365079365082,33.190000000000055,,24.05000000000001
2019-07-24,Terra,34.76185185185189,33.22000000000003,,
2019-07-26,Terra,33.118465608465655,31.57000000000005,23.855079365079398,23.950000000000045
2019-07-28,Terra,32.72513227513232,32.41645418326695,,24.350000000000023
2019-07-31,Terra,36.44153439153442,34.730000000000025,,20.07000000000005
2019-08-02,Terra,34.842592592592624,33.950000000000045,24.390000000000043,23.710000000000036
2019-08-04,Terra,33.640899470899505,32.710000000000036,,
2019-08-06,Terra,33.834126984127,33.27000000000004,,
2019-08-18,Terra,37.1246031746032,35.27000000000003,,23.29000000000002
2019-08-20,Terra,33.9345502645503,32.950000000000045,,24.49000000000001
2019-08-21,Terra,34.029894179894214,33.59000000000003,,
2019-08-23,Terra,33.92904761904766,33.77000000000004,,20.690000000000055
2019-08-25,Terra,35.89867724867728,34.25000000000006,,
2019-08-30,Terra,36.144074074074105,34.97000000000003,,21.890000000000043
2019-08-31,Terra,33.222698412698435,33.03000000000003,,22.57000000000005
2019-09-01,Terra,36.398253968254004,34.76295719844362,,
2019-09-05,Terra,,32.110000000000014,23.463862433862467,22.650000000000034
2019-09-08,Terra,33.650000000000034,33.31,,22.710000000000036
2019-09-10,Terra,39.58026455026458,38.25000000000006,,22.53000000000003
2019-09-12,Terra,39.03116402116403,37.51000000000005,22.85518518518521,22.810000000000002
2019-09-14,Terra,36.60354497354499,36.210000000000036,22.84724867724869,22.150000000000034
2019-09-15,Terra,,29.670000000000016,20.42255813953492,20.910000000000025
2019-09-17,Terra,,,22.7904379562044,22.010000000000048
2019-09-18,Terra,,,18.33000000000004,18.99000000000001
2019-09-19,Terra,32.03000000000003,30.910000000000025,23.217301587301606,23.310000000000002
2019-09-21,Terra,37.9667195767196,36.91639068564038,22.25698412698415,21.810000000000002
2019-09-22,Terra,33.92216931216934,34.417522123893825,,21.53000000000003
2019-09-24,Terra,36.079629629629665,35.295593220339,21.97303797468357,21.170000000000016
2019-09-26,Terra,35.3256613756614,36.01000000000005,,
2019-09-30,Terra,,,22.67909090909094,22.590000000000032
2019-10-01,Terra,38.90206349206351,37.845789473684235,,
2019-10-05,Terra,41.21137566137568,39.85284263959393,,24.27000000000004
2019-10-09,Terra,,,24.089259259259293,23.810000000000002
2019-10-14,Terra,37.190000000000055,38.370000000000005,,24.57000000000005
2019-10-16,Terra,,,24.514656084656114,23.750000000000057
2019-10-19,Terra,,,24.29000000000002,24.350000000000023
2019-10-23,Terra,40.78883597883601,40.25000000000006,,
2019-10-24,Terra,34.90021582733814,33.43000000000001,,
2019-10-26,Terra,39.99000000000001,38.59000000000003,,
2019-11-01,Terra,39.97370370370373,39.190000000000055,23.950000000000045,23.55000000000001
2019-11-07,Terra,37.98375661375663,37.39000000000004,,
2019-11-08,Terra,38.46382716049386,38.99000000000001,,24.57000000000005
2019-11-09,Terra,39.32375661375665,39.29000000000002,,
2019-11-15,Terra,36.79913580246918,36.950000000000045,,
2019-11-24,Terra,,,24.493915343915383,24.83000000000004
2019-11-26,Terra,,,23.27317460317465,24.210000000000036
2019-11-27,Terra,,,23.327883597883627,23.190000000000055
2019-12-01,Terra,38.482098765432134,38.23000000000002,,
2019-12-24,Terra,37.1240740740741,35.809999999999995,,
2020-02-21,Terra,,,25.325026455026485,25.29000000000002
2020-02-22,Terra,,,19.170000000000016,20.650000000000034
2020-03-06,Terra,33.64021897810221,32.610000000000014,,
2020-04-19,Terra,35.96580246913583,35.910000000000025,,
2020-05-07,Terra,32.62971223021586,34.73000000000002,,
2020-05-15,Terra,,,23.810000000000002,23.590000000000032
2020-05-25,Terra,31.590000000000032,33.57000000000005,,
2020-05-30,Terra,,33.35000000000002,24.14174603174608,23.950000000000045
2020-06-12,Terra,32.828412698412734,32.83000000000004,,23.970000000000027
2020-06-29,Terra,33.13941798941802,32.610000000000014,23.365873015873035,23.53000000000003
2020-07-01,Terra,33.55000000000003,32.93000000000001,,
2020-07-03,Terra,34.80502645502647,33.67000000000002,,
2020-07-05,Terra,32.74555555555559,32.03000000000003,,24.470000000000027
2020-07-06,Terra,32.870000000000005,31.410000000000025,,
2020-07-12,Terra,33.31222222222225,32.73000000000002,,
2020-07-17,Terra,33.87666666666668,33.05000000000001,,19.750000000000057
2020-07-19,Terra,34.665661375661394,33.49000000000001,,23.130000000000052
2020-07-25,Terra,,,19.970000000000027,19.890000000000043
2020-07-26,Terra,33.421428571428606,32.89000000000004,,
2020-07-28,Terra,33.237830687830716,32.19204225352118,,23.610000000000014
2020-07-31,Terra,34.49941798941801,33.904676258992836,,
2020-08-02,Terra,33.97433862433863,33.450000000000045,23.124545454545483,22.810000000000006
2020-08-08,Terra,,,22.57000000000005,23.310000000000002
2020-08-18,Terra,,,22.916582278481037,22.110000000000014
2020-08-19,Terra,,,21.648730158730185,21.190000000000055
2020-08-25,Terra,35.22502645502648,34.650000000000034,,20.110000000000014
2020-08-27,Terra,34.41296296296298,33.35000000000002,23.261005291005308,23.090000000000032
2020-08-29,Terra,34.88090909090912,34.410000000000025,24.69569343065696,24.090000000000032
2020-09-07,Terra,35.42841269841273,34.950000000000045,,24.970000000000027
2020-09-12,Terra,35.67222222222226,34.29000000000002,24.405555555555566,23.870000000000005
2020-09-16,Terra,33.17539682539685,33.14286795626582,,21.610000000000014
2020-09-17,Terra,33.29370370370375,32.59000000000003,,
2020-09-18,Terra,,29.77000000000004,24.19804232804236,24.03000000000003
2020-09-19,Terra,35.712751322751345,35.79000000000002,,
2020-09-21,Terra,33.21825396825399,32.923145161290336,,
2020-09-23,Terra,34.633174603174616,34.28822937625757,,23.670000000000016
2020-09-25,Terra,,31.750000000000057,23.536878306878343,23.610000000000014
2020-09-28,Terra,37.28693121693124,36.73000000000002,,23.79000000000002
2020-09-30,Terra,,33.83000000000004,24.936835443037992,24.450000000000045
2020-10-07,Terra,35.20544973544976,34.870000000000005,,
2020-10-23,Terra,39.79000000000002,37.09000000000003,24.052328042328067,23.590000000000032
2020-11-12,Terra,,,24.68223021582737,24.05000000000001
2020-11-15,Terra,39.66272727272732,37.59000000000003,,
2021-04-08,Terra,33.822727272727306,33.450000000000045,,
2021-04-21,Terra,32.36841269841272,32.35000000000002,,24.710000000000036
2021-04-22,Terra,34.47931216931219,34.170000000000016,24.527142857142884,24.55000000000001
2021-04-24,Terra,36.3246031746032,36.05000000000001,,
2021-04-26,Terra,34.27740740740743,33.75000000000006,,26.07000000000005
2021-05-10,Terra,,,24.637936507936544,23.79000000000002
2021-05-12,Terra,32.672010582010614,32.190000000000055,,
2021-05-19,Terra,,,23.89931216931219,23.99000000000001
2021-05-26,Terra,,31.230000000000018,24.126363636363656,24.79000000000002
2021-06-04,Terra,,,23.643670886075988,23.33000000000004
2021-06-06,Terra,32.8252941176471,31.57000000000005,,
2021-06-26,Terra,,,23.410000000000025,22.55000000000001
2021-07-01,Terra,,,22.482592592592617,22.090000000000032
2021-07-02,Terra,30.76608465608468,30.49000000000001,24.590000000000032,24.210000000000036
2021-07-04,Terra,34.06005291005293,33.761872509960206,,21.730000000000018
2021-07-06,Terra,32.591693121693154,32.57587272727277,23.542486772486804,23.430000000000007
2021-07-18,Terra,33.64753086419754,33.03000000000003,,20.870000000000005
2021-07-20,Terra,34.53814814814817,33.51000000000005,,
2021-07-25,Terra,32.780899470899485,32.25000000000006,22.389753086419784,22.150000000000034
2021-07-27,Terra,35.403650793650826,35.05000000000001,,
2021-07-28,Terra,,,23.165827338129535,22.910000000000025
2021-07-29,Terra,34.042169312169335,33.75774038461544,,23.370000000000005
2021-08-02,Terra,,,24.142408759124113,24.150000000000034
2021-08-05,Terra,,,22.004814814814832,21.99000000000001
2021-08-10,Terra,,,20.49000000000001,20.610000000000014
2021-08-12,Terra,34.39962962962966,33.450000000000045,,
2021-08-16,Terra,32.4714814814815,32.39000000000004,,24.170000000000016
2021-08-27,Terra,32.03095238095241,31.690000000000055,,24.310000000000002
2021-09-01,Terra,33.94354497354501,33.86024096385544,,23.99000000000001
2021-09-08,Terra,31.553492063492083,32.77000000000004,,
2021-09-10,Terra,33.89962962962965,34.085789473684244,,
2021-09-17,Terra,33.8109523809524,33.81,,
2021-09-18,Terra,33.62669064748204,33.07000000000005,,
2021-09-24,Terra,37.60766423357669,35.59000000000003,,24.350000000000023
2021-09-25,Terra,30.910000000000025,31.05000000000001,,
2021-10-08,Terra,35.15412698412702,33.920000000000016,,
2021-10-09,Terra,,,24.27000000000004,23.810000000000002
2021-10-12,Terra,36.327883597883606,36.190000000000055,,
2021-10-26,Terra,36.88756613756618,36.53000000000003,,
2021-11-25,Terra,37.910000000000025,38.79000000000002,,
2021-12-02,Terra,35.35222222222226,34.03000000000003,,
2022-01-03,Terra,33.63698412698414,33.0256631171346,,
2022-03-03,Terra,32.13486772486776,32.417345844504034,,
2022-03-25,Terra,,,24.595502645502673,23.950000000000045
2022-04-04,Terra,33.37687830687834,33.83000000000004,,
2022-04-06,Terra,32.86185185185189,32.668493506493526,,
2022-04-13,Terra,33.549259259259294,33.05000000000001,,
2022-06-02,Terra,30.29000000000002,29.670000000000016,,
2022-06-30,Terra,32.40661375661377,32.27000000000004,,
2022-07-04,Terra,,,24.890000000000043,24.150000000000034
2022-07-05,Terra,,32.03000000000003,23.430000000000007,21.910000000000025
2022-07-09,Terra,33.64862433862437,33.1412371134021,,24.170000000000016
2022-07-21,Terra,32.72272727272729,32.610000000000014,,
2022-07-27,Terra,,,24.090000000000042,23.710000000000036
2022-08-01,Terra,33.212116402116415,33.13000000000005,,
2022-08-08,Terra,33.30291005291007,33.05000000000001,23.80265822784815,23.750000000000057
2022-08-10,Terra,33.965132275132305,33.33000000000004,,23.190000000000055
2022-08-17,Terra,30.650000000000034,31.750000000000057,,
2022-08-24,Terra,33.31222222222225,33.170000000000016,,22.07000000000005
2022-09-15,Terra,32.18050359712232,32.01000000000005,,
2022-09-27,Terra,27.9914285714286,31.890000000000043,,
2022-10-04,Terra,38.35000000000002,37.97000000000003,,
2023-01-14,Terra,32.85000000000002,34.47000000000003,,
2023-04-05,Terra,33.79000000000003,34.57000000000005,,22.890000000000043
2023-04-10,Terra,,,23.29000000000002,22.970000000000027
2023-04-17,Terra,,35.35000000000002,23.748730158730186,23.930000000000007
2023-05-15,Terra,,,24.088181818181848,24.250000000000057
2023-05-16,Terra,34.191904761904794,33.53000000000003,,24.930000000000007
2023-05-21,Terra,,30.650000000000034,22.890000000000043,22.850000000000023
2023-05-23,Terra,,31.970000000000027,24.132337662337704,24.33000000000004
2023-05-25,Terra,,,24.260129870129923,24.370000000000005
2023-06-01,Terra,,31.910000000000025,22.95613756613758,23.430000000000007
2023-06-02,Terra,33.07941798941803,32.63000000000005,,
2023-06-04,Terra,33.40555555555559,32.79000000000002,,
2023-06-09,Terra,33.46089947089951,33.170000000000016,24.16654320987658,23.77000000000004
2023-06-11,Terra,33.393809523809566,32.89000000000004,,24.53000000000003
2023-06-25,Terra,,,21.670779220779252,21.33000000000004
2023-06-26,Terra,,30.07000000000005,23.015194805194835,22.950000000000045
2023-07-03,Terra,33.30746031746034,32.89000000000004,,
2023-07-05,Terra,32.05000000000001,32.33000000000004,,
2023-07-12,Terra,,30.470000000000027,23.95273381294967,24.27000000000004
2023-07-17,Terra,32.27476190476194,32.33000000000004,,21.53000000000003
2023-07-18,Terra,32.00798941798945,31.850000000000023,21.416772486772505,21.33000000000004
2023-07-20,Terra,31.71698412698415,32.53000000000003,,
2023-07-22,Terra,,31.510000000000048,24.121168831168855,24.27000000000004
2023-07-27,Terra,,,20.210000000000036,22.110000000000014
2023-07-29,Terra,31.610000000000014,29.910000000000025,,24.05000000000001
2023-08-01,Terra,31.466834532374122,31.639475935828916,,
2023-08-06,Terra,32.65772486772489,32.33000000000004,24.2136363636364,23.470000000000027
2023-08-10,Terra,32.72026455026458,31.810000000000006,25.05000000000001,24.610000000000014
2023-08-12,Terra,,31.350000000000023,24.093529411764727,24.07000000000005
2023-08-14,Terra,,,23.827142857142892,23.750000000000057
2023-08-15,Terra,33.191375661375695,32.670000000000016,,23.350000000000023
2023-08-17,Terra,32.013703703703726,31.49000000000001,,22.99000000000001
2023-08-18,Terra,,,22.950000000000045,21.590000000000032
2023-08-19,Terra,,,20.77000000000004,22.970000000000027
2023-08-20,Terra,33.887248677248714,33.51726342711001,,20.430000000000007
2023-08-22,Terra,33.4251322751323,32.670000000000016,,24.250000000000057
2023-08-25,Terra,33.79835978835983,33.26578947368425,,
2023-08-27,Terra,33.99359788359791,33.55000000000001,,
2023-08-29,Terra,33.09095238095241,32.05000000000001,,
2023-08-30,Terra,32.27645502645506,32.47000000000003,,
2023-09-01,Terra,34.60407407407411,33.47000000000003,,24.83000000000004
2023-09-03,Terra,,30.810000000000002,23.504805194805204,24.130000000000052
2023-09-04,Terra,34.320582010582044,33.51000000000005,20.46343915343917,20.53000000000003
2023-09-05,Terra,33.070317460317476,32.110000000000014,,
2023-09-08,Terra,33.60227513227515,32.370000000000005,23.70269841269844,24.610000000000014
2023-09-10,Terra,33.43105820105823,32.870000000000005,23.20454545454549,23.950000000000045
2023-09-12,Terra,,29.910000000000025,23.651481481481515,23.890000000000043
2023-09-13,Terra,34.95592592592596,33.23000000000002,,23.850000000000023
2023-09-15,Terra,35.9130687830688,34.1900840336135,,24.390000000000043
2023-09-16,Terra,,37.47000000000003,19.52703703703707,20.350000000000023
2023-09-20,Terra,36.712328042328075,35.33000000000004,,25.970000000000027
2023-09-22,Terra,36.21931216931218,35.55000000000001,,
2023-09-25,Terra,38.85232804232806,37.55000000000001,,24.750000000000057
2023-09-27,Terra,38.40037037037039,37.760240963855466,,24.890000000000043
2023-09-28,Terra,35.23359788359792,34.35979079497909,22.9534920634921,23.070000000000046
2023-10-04,Terra,35.32518987341777,34.55000000000001,,26.010000000000048
2023-10-06,Terra,,,23.23701298701302,23.430000000000007
2023-10-07,Terra,35.03719576719579,34.13727532097008,23.82317829457369,23.55000000000001
2023-10-12,Terra,,35.23000000000002,23.510000000000048,23.49000000000001
2023-10-14,Terra,36.882151898734215,34.170000000000016,,
2023-10-16,Terra,35.690000000000055,35.75000000000006,,25.010000000000048
2023-10-17,Terra,35.45214285714288,35.33000000000004,,
2023-10-19,Terra,34.190000000000055,37.450000000000045,,
2023-10-24,Terra,35.89000000000004,35.89000000000004,,
2023-10-28,Terra,35.74989417989421,34.80000000000001,,25.810000000000002
2023-10-29,Terra,39.66259259259262,38.99000000000001,,26.190000000000055
2023-10-31,Terra,35.57758620689658,35.23000000000002,24.37814814814818,24.910000000000025
2023-11-07,Terra,38.9018518518519,37.170000000000016,,23.250000000000057
2023-11-08,Terra,,,22.5027272727273,21.730000000000018
2023-11-12,Terra,37.65793650793653,37.57000000000005,,
2023-11-19,Terra,39.54523809523812,37.19000000000005,,
2023-12-11,Terra,37.04904761904765,35.76113456464385,,
2023-12-13,Terra,34.22968253968256,34.190000000000055,,
2023-12-14,Terra,,36.170000000000016,23.399417989418012,23.670000000000016
2023-12-16,Terra,35.9171957671958,35.83000000000004,,
2023-12-18,Terra,35.37074074074077,35.31,23.491085271317857,23.05000000000001
2023-12-20,Terra,36.40566137566141,36.170000000000016,,
2023-12-21,Terra,34.07222222222225,35.07717079530643,,
2024-02-14,Terra,,,25.59476190476193,25.83000000000004
2024-03-19,Terra,31.45243386243388,31.310000000000002,,24.430000000000007
2024-03-20,Terra,30.226613756613787,30.35942698706101,,
2024-04-08,Terra,,,23.90047619047622,24.05000000000001
2024-04-22,Terra,31.68568345323744,31.890000000000043,,
2024-04-29,Terra,31.986428571428622,32.25000000000006,,
2024-05-09,Terra,33.72636363636367,33.29000000000002,24.810000000000002,25.130000000000052
2024-05-13,Terra,22.875000000000025,22.05000000000001,,
2024-05-29,Terra,,,23.336455026455063,24.150000000000034
2024-06-05,Terra,33.190000000000055,32.53000000000003,,
2024-06-06,Terra,,,23.939947089947115,24.07000000000005
2024-06-07,Terra,31.70534391534393,31.170000000000016,,25.410000000000025
2024-06-17,Terra,33.05727272727275,32.25000000000006,23.49000000000001,25.190000000000055
2024-06-19,Terra,30.4420634920635,30.650000000000034,,23.230000000000018
2024-06-22,Terra,31.68291005291007,31.690000000000058,21.68746031746034,23.33000000000004
2024-07-04,Terra,30.308518518518532,30.570000000000046,,
2024-07-08,Terra,27.650000000000034,27.410000000000025,,
2024-07-11,Terra,31.102275132275157,30.510000000000048,22.235194805194844,23.310000000000002
2024-07-13,Terra,30.131693121693157,29.970000000000027,23.230000000000018,23.33000000000004
2024-07-14,Terra,30.422910052910087,29.810000000000002,,22.970000000000027
2024-07-16,Terra,31.467037037037063,31.07000000000005,,24.230000000000018
2024-07-21,Terra,32.05613756613759,31.11000000000001,,
2024-07-24,Terra,32.51000000000005,32.110000000000014,,
2024-07-25,Terra,,,23.643756613756644,23.610000000000014
2024-07-26,Terra,,,22.142275132275163,23.890000000000043
2024-07-28,Terra,30.921851851851873,31.081936000000038,,25.33000000000004
2024-07-29,Terra,,33.170000000000016,21.878359788359802,21.390000000000043
2024-07-31,Terra,32.32724867724871,31.710000000000033,,24.870000000000005
2024-08-01,Terra,,,20.05000000000001,20.350000000000023
2024-08-05,Terra,,,23.05201058201061,22.49000000000001
2024-08-06,Terra,25.75582278481016,25.77000000000004,,19.350000000000023
2024-08-09,Terra,,28.99000000000001,24.5289873417722,23.650000000000034
2024-08-10,Terra,,29.350000000000023,20.710000000000036,20.610000000000014
2024-08-12,Terra,31.720370370370393,31.350000000000023,23.57931216931221,23.33000000000004
2024-08-14,Terra,31.6444973544974,31.010000000000048,,24.130000000000052
2024-08-19,Terra,32.75613756613758,31.890000000000043,,24.350000000000023
2024-08-22,Terra,29.167122302158297,28.110000000000014,,
2024-08-24,Terra,33.05359788359791,32.58159090909095,,
2024-08-26,Terra,,28.590000000000032,23.521139240506344,23.53000000000003
2024-08-29,Terra,34.52703703703706,33.57000000000005,,
2024-09-01,Terra,33.175454545454556,32.43000000000001,,
2024-09-03,Terra,33.06650793650795,32.03000000000003,,23.130000000000052
2024-09-05,Terra,33.82936507936511,33.690000000000055,,24.27000000000004
2024-09-08,Terra,35.35000000000004,34.84265415549601,,
2024-09-15,Terra,31.573597883597923,32.77955056179778,,24.810000000000002
2024-09-17,Terra,33.148181818181854,32.650000000000034,,
2024-09-18,Terra,34.555185185185216,33.83000000000004,,
2024-09-20,Terra,34.79497354497358,33.710000000000036,23.710000000000036,23.810000000000002
2024-09-27,Terra,34.04460317460319,33.950000000000045,,
2024-10-09,Terra,,36.27000000000004,21.27000000000005,24.55000000000001
2024-10-16,Terra,,,24.34809523809525,23.590000000000032
2024-10-17,Terra,33.75380952380955,33.21000000000003,23.117160493827186,23.670000000000016
2024-10-19,Terra,36.54079365079369,36.51000000000005,,24.670000000000016
2024-10-20,Terra,,33.85000000000002,22.59380952380957,22.590000000000032
2024-10-21,Terra,,,24.250431654676298,24.630000000000052
2024-10-22,Terra,36.42714285714289,36.05000000000001,,
2024-10-26,Terra,37.00100529100532,36.27000000000004,,
2024-10-27,Terra,37.934550264550296,36.79000000000002,,25.850000000000023
2024-11-08,Terra,35.210000000000036,33.97000000000003,,25.05000000000001
2025-02-12,Terra,,28.250000000000057,22.18650793650796,23.210000000000036
2025-03-31,Terra,,,21.958051948051974,23.610000000000014
2025-04-07,Terra,,28.690000000000055,24.230000000000018,24.77000000000004
2025-05-07,Terra,33.670000000000016,31.970000000000027,,
2025-05-28,Terra,29.410000000000025,29.29000000000002,,
2025-06-11,Terra,19.22071428571433,25.430000000000007,,24.510000000000048
2025-06-26,Terra,31.05634920634926,30.700000000000045,23.82348837209306,24.33000000000004
2025-07-06,Terra,29.315291005291016,28.810000000000002,,
2025-07-09,Terra,,,22.192328042328075,21.470000000000027
2025-07-11,Terra,,,23.620158730158746,23.53000000000003
2025-07-18,Terra,,22.79000000000002,24.733809523809555,24.750000000000057
2025-07-19,Terra,30.51920634920638,30.230000000000018,,
2025-07-21,Terra,30.41201058201062,29.970000000000027,,22.350000000000023
2025-07-23,Terra,30.18654320987656,29.590000000000032,23.349682539682565,23.77000000000004
2025-07-24,Terra,29.74873015873019,29.27000000000004,21.725343915343945,22.250000000000057
2025-07-26,Terra,32.09000000000003,30.390000000000043,,25.390000000000043
2025-07-29,Terra,28.49000000000001,28.230000000000018,,
2025-07-31,Terra,29.170000000000016,29.210000000000036,24.190634920634974,23.99000000000001
2025-08-02,Terra,30.815820105820134,29.890000000000043,,25.130000000000052
2025-08-10,Terra,30.495467625899295,30.790000000000024,,
2025-08-17,Terra,30.61634920634923,30.14608832807575,,
2025-08-22,Terra,29.682805755395712,30.450000000000045,23.644920634920673,23.810000000000002
2025-08-25,Terra,,,21.63582010582013,22.430000000000007
2025-08-26,Terra,,,24.853492063492066,23.390000000000043
2025-08-27,Terra,32.513068783068825,32.42817102137768,,
2025-08-30,Terra,29.487518248175217,29.03000000000003,,
2025-09-01,Terra,31.00037037037041,30.42159090909092,,24.710000000000036
2025-09-03,Terra,29.010000000000048,30.610000000000014,,
2025-09-04,Terra,31.276137566137596,30.590000000000032,,23.33000000000004
2025-09-06,Terra,32.55201058201062,32.190000000000055,,
2025-09-21,Terra,31.18947089947093,30.890000000000043,,
2025-09-24,Terra,33.92121693121696,33.77000000000004,,
2025-09-26,Terra,30.269365079365112,30.29000000000002,,
2025-10-01,Terra,28.20884892086334,29.170000000000016,,
2025-10-04,Terra,32.13359788359791,32.89000000000005,,
2025-10-06,Terra,33.358994708994736,33.23000000000001,24.415185185185216,24.690000000000055
2025-10-09,Terra,32.95550264550267,32.73000000000002,,
2025-11-30,Terra,29.683766233766253,29.53000000000003,,
2025-12-05,Terra,30.593174603174642,30.130000000000052,,
2026-03-10,Terra,29.234973544973577,29.51632707774803,,
2026-03-12,Terra,30.530846560846577,30.864364261168394,,
2026-03-13,Terra,30.564285714285745,30.190000000000055,,
2026-03-17,Terra,30.19994708994712,30.250000000000057,,26.010000000000048
2026-03-18,Terra,31.696243386243406,30.430000000000007,,
2026-03-20,Terra,28.890000000000043,30.810000000000002,,
2026-03-23,Terra,29.79687830687834,29.27000000000004,,
2026-04-04,Terra,28.24470899470901,28.27000000000004,,
2026-04-19,Terra,29.55000000000001,28.850000000000023,,
2026-04-24,Terra,30.329568345323757,30.310000000000002,,
2026-04-29,Terra,29.44906976744188,29.53000000000003,,
2026-05-01,Terra,29.86857142857147,30.03000000000003,,
2026-05-06,Terra,,,25.215035971223067,24.670000000000016
2026-05-24,Terra,28.470000000000027,28.610000000000014,,
2026-05-27,Terra,30.276666666666685,30.110000000000014,23.105343915343948,22.650000000000034
2026-05-29,Terra,30.826719576719608,30.05000000000001,24.006296296296323,22.870000000000005
2026-06-08,Terra,30.415502645502684,29.690000000000055,,26.110000000000014
2026-06-11,Terra,30.491587301587327,30.05000000000001,24.27000000000004,23.250000000000057
2026-06-17,Terra,,,23.07761904761906,23.430000000000007
2026-06-18,Terra,29.792539682539708,29.150000000000034,,26.150000000000034
2026-06-19,Terra,29.821005291005307,29.510000000000048,,
2026-06-28,Terra,29.512597402597418,28.49000000000001,24.5118181818182,24.890000000000043
2026-06-30,Terra,,,23.950000000000045,24.83000000000004
2026-07-01,Terra,29.552539682539702,29.510000000000048,,25.210000000000036
2026-07-03,Terra,29.83000000000004,28.590000000000032,,
2026-07-08,Terra,29.48737226277375,29.29000000000002,24.210000000000036,25.03000000000003
2026-07-09,Terra,28.384100719424485,28.29000000000002,,
2026-07-10,Terra,28.240687830687854,28.210000000000036,,24.850000000000023
2026-07-11,Terra,29.68798941798945,28.850000000000023,21.88756613756616,23.55000000000001
2026-07-13,Terra,,,24.154761904761926,23.131278195488772
2026-07-18,Terra,,29.670000000000016,24.27000000000004,24.650000000000034
2026-07-26,Terra,30.07507936507939,29.310000000000002,,22.79000000000002
2026-08-04,Terra,,,24.410000000000025,24.170000000000016
2026-08-06,Terra,,,22.55529100529102,23.670000000000016
2026-08-07,Terra,29.482169312169336,29.53000000000003,23.69169312169316,23.73000000000002
2026-08-08,Terra,,,24.137089947089983,24.110000000000014
2026-08-10,Terra,30.68597883597886,29.950000000000045,,23.230000000000018
2026-08-12,Terra,29.749894179894213,29.590000000000032,24.49419753086424,24.33000000000004
2026-08-13,Terra,30.382592592592623,30.310000000000002,,
2026-08-16,Terra,,,24.27000000000004,23.230000000000018
2026-08-17,Terra,30.33740740740745,30.170000000000016,,24.850000000000023
2026-08-19,Terra,,,22.34439153439156,21.630000000000052
2026-08-20,Terra,,,22.27000000000004,23.350000000000023
2026-08-21,Terra,,,19.56894179894183,20.430000000000007
2026-08-22,Terra,30.12100529100531,29.690000000000055,,25.470000000000027
2026-08-24,Terra,,,25.31455026455029,24.610000000000014
2026-08-25,Terra,31.12883597883601,30.870000000000005,,25.55000000000001
2026-08-28,Terra,31.371164021164066,30.950000000000045,,
2026-08-29,Terra,,,24.315502645502665,24.83000000000004
2026-08-31,Terra,,,23.470000000000027,23.750000000000057
2026-09-01,Terra,31.68735449735452,30.890000000000043,23.934656084656105,24.250000000000057
2026-09-03,Terra,,,21.401322751322777,21.190000000000058
2026-09-06,Terra,29.281216931216953,28.810000000000002,23.726719576719606,23.07000000000005
2026-09-07,Terra,30.716772486772516,30.83000000000004,,
2026-09-09,Terra,30.977654320987686,30.930000000000007,22.93363636363638,24.010000000000048
2019-01-11,Aqua,39.97000000000003,36.150000000000034,,
2019-02-07,Aqua,,30.810000000000002,23.64809523809526,23.79000000000002
2019-02-13,Aqua,,,22.510000000000048,22.690000000000055
2019-02-23,Aqua,31.33000000000004,31.29000000000002,,
2019-03-20,Aqua,,,22.571313868613164,22.83000000000004
2019-03-25,Aqua,,,23.230000000000018,23.130000000000052
2019-04-02,Aqua,,,23.174761904761933,23.090000000000032
2019-04-05,Aqua,,,24.400582010582042,24.090000000000032
2019-05-03,Aqua,34.11057553956837,34.01000000000005,,23.370000000000005
2019-05-05,Aqua,34.733492063492086,34.910000000000025,,
2019-05-17,Aqua,,31.950000000000045,19.994973544973572,19.610000000000014
2019-05-24,Aqua,34.24693121693125,34.03000000000003,,
2019-05-26,Aqua,,34.710000000000036,22.72142857142862,22.110000000000014
2019-05-28,Aqua,34.08439153439157,33.80040816326532,,
2019-06-18,Aqua,35.08915343915347,34.83000000000004,20.09835978835981,20.110000000000014
2019-06-20,Aqua,34.84809523809526,34.33000000000005,,22.05000000000001
2019-06-23,Aqua,,,18.287777777777805,18.470000000000027
2019-06-25,Aqua,34.74132275132278,34.58042990654209,,
2019-06-27,Aqua,35.79656084656088,34.91000000000003,22.757625899280583,22.510000000000048
2019-06-29,Aqua,36.09031746031749,35.81,,19.970000000000027
2019-06-30,Aqua,,,21.56989417989421,21.710000000000033
2019-07-04,Aqua,,33.59000000000003,20.814761904761944,20.910000000000025
2019-07-06,Aqua,34.02000000000003,33.89000000000004,21.803015873015894,22.950000000000045
2019-07-11,Aqua,35.22121693121696,34.710000000000036,,
2019-07-12,Aqua,,,23.27000000000004,23.79000000000002
2019-07-13,Aqua,36.258359788359826,35.53000000000003,,22.250000000000057
2019-07-15,Aqua,35.058571428571454,34.81,,23.430000000000007
2019-07-16,Aqua,33.33000000000004,33.870000000000005,,
2019-07-22,Aqua,36.04555555555558,35.73000000000002,,
2019-07-24,Aqua,,29.590000000000032,21.580129870129916,21.610000000000014
2019-07-26,Aqua,33.73455026455031,33.57000000000005,21.090000000000032,22.930000000000007
2019-07-27,Aqua,36.48841269841272,35.81,,
2019-07-28,Aqua,,,22.859620253164604,22.710000000000036
2019-07-29,Aqua,34.684285714285735,34.79000000000002,,22.210000000000036
2019-07-31,Aqua,36.55328042328044,35.73000000000002,21.19214285714288,21.470000000000027
2019-08-01,Aqua,,,18.21217054263568,19.49000000000001
2019-08-04,Aqua,,,23.560052910052946,23.07000000000005
2019-08-05,Aqua,35.868835978836,34.870000000000005,,15.830000000000041
2019-08-17,Aqua,,,20.34047619047622,20.79000000000002
2019-08-18,Aqua,35.86291005291009,35.697600596125234,,
2019-08-19,Aqua,35.637619047619054,35.45000000000004,,
2019-08-21,Aqua,37.38640211640214,36.47000000000003,,
2019-08-30,Aqua,38.10111111111114,37.23000000000002,,22.07000000000005
2019-09-01,Aqua,36.18396825396829,35.89000000000004,20.427248677248706,20.130000000000052
2019-09-04,Aqua,35.81,32.910000000000025,,
2019-09-05,Aqua,,,20.03000000000003,20.510000000000048
2019-09-06,Aqua,37.35285714285717,36.530078125000024,21.843227513227546,21.750000000000053
2019-09-08,Aqua,36.3993121693122,36.53000000000003,,23.250000000000057
2019-09-10,Aqua,38.87074074074077,38.610000000000014,,
2019-09-11,Aqua,38.25941798941801,38.110000000000014,19.915714285714323,19.950000000000045
2019-09-12,Aqua,35.90555555555559,35.510000000000055,,22.170000000000016
2019-09-13,Aqua,35.995396825396845,35.690000000000055,,
2019-09-15,Aqua,37.51370370370375,37.25000000000006,,
2019-09-16,Aqua,,,21.91105820105824,22.07000000000005
2019-09-17,Aqua,,,23.034550264550308,22.890000000000043
2019-09-19,Aqua,,,23.113529411764738,23.450000000000045
2019-09-20,Aqua,35.803439153439186,36.43000000000001,,
2019-09-21,Aqua,,,23.13814814814818,23.110000000000014
2019-09-22,Aqua,38.63708994708998,38.42330049261085,,
2019-09-24,Aqua,38.29687830687832,38.29000000000002,,22.810000000000002
2019-09-26,Aqua,38.24523809523813,37.97000000000003,,
2019-09-29,Aqua,38.083227513227556,38.59000000000003,,
2019-10-01,Aqua,37.987354497354524,37.910000000000025,,
2019-10-04,Aqua,37.977619047619086,37.93000000000001,22.87634920634921,22.730000000000018
2019-10-05,Aqua,38.79825396825401,38.98307692307694,22.92534391534395,22.430000000000007
2019-10-06,Aqua,39.1977248677249,38.59000000000003,,
2019-10-07,Aqua,,,22.43793650793654,22.590000000000032
2019-10-17,Aqua,37.34851851851855,36.81,,17.29000000000002
2019-10-18,Aqua,,,20.384285714285745,21.130000000000052
2019-10-22,Aqua,41.38925925925929,41.09000000000003,,
2019-10-23,Aqua,36.75000000000006,37.05000000000001,22.842275132275173,22.750000000000057
2019-10-24,Aqua,39.760476190476204,39.19981818181823,,
2019-10-30,Aqua,,40.03000000000003,24.35063492063496,23.730000000000018
2019-11-01,Aqua,,,22.652716049382764,22.450000000000045
2019-11-06,Aqua,,,22.556349206349214,21.55000000000001
2019-11-07,Aqua,40.738359788359794,39.93000000000001,,
2019-11-08,Aqua,,,21.103121693121718,21.650000000000034
2019-11-09,Aqua,41.731269841269864,41.3479577464789,,
2019-11-10,Aqua,,,21.754021164021175,23.930000000000007
2019-11-11,Aqua,36.02416058394166,38.190000000000055,,
2019-11-16,Aqua,39.99888888888892,40.110000000000014,,
2019-11-19,Aqua,,,23.81931216931219,23.890000000000043
2019-11-27,Aqua,,,22.750846560846604,21.730000000000018
2019-12-13,Aqua,36.891395348837236,34.410000000000025,,
2020-01-14,Aqua,35.075714285714305,35.190000000000055,,
2020-01-15,Aqua,,,22.079629629629633,22.470000000000027
2020-04-19,Aqua,36.76285714285715,36.23000000000002,,
2020-05-23,Aqua,,35.55000000000001,24.370000000000005,23.77000000000004
2020-06-10,Aqua,,,25.155426356589178,24.730000000000018
2020-06-29,Aqua,35.19941798941804,34.80723076923078,,24.27000000000004
2020-07-05,Aqua,,,23.291860465116326,22.690000000000055
2020-07-06,Aqua,33.89000000000004,33.47000000000003,,
2020-07-16,Aqua,,,22.991481481481507,22.730000000000018
2020-07-17,Aqua,,33.73000000000002,19.820052910052947,21.350000000000023
2020-07-19,Aqua,,30.610000000000014,23.782804232804263,23.730000000000018
2020-07-22,Aqua,33.75258992805757,33.23000000000002,,
2020-07-24,Aqua,34.75867724867729,35.13000000000005,14.230000000000018,14.830000000000041
2020-07-26,Aqua,,24.510000000000048,21.411818181818212,21.310000000000002
2020-07-28,Aqua,,,23.11177215189874,22.99000000000001
2020-07-31,Aqua,,35.950000000000045,17.884920634920665,19.05000000000001
2020-08-01,Aqua,,,21.409047619047648,21.55000000000001
2020-08-02,Aqua,35.94153439153443,35.770769230769275,,
2020-08-09,Aqua,34.21024691358027,34.40494011976051,,22.410000000000025
2020-08-16,Aqua,33.53412698412702,33.51000000000005,,
2020-09-07,Aqua,,31.910000000000025,24.052480620155062,23.49000000000001
2020-09-12,Aqua,,,23.525873015873035,23.450000000000045
2020-09-17,Aqua,32.541034482758654,34.90017994858615,,
2020-09-19,Aqua,36.48449735449737,37.31,,
2020-09-23,Aqua,,,21.50481481481485,21.99000000000001
2020-09-24,Aqua,35.354867724867745,35.75000000000006,,
2020-09-25,Aqua,,,23.29000000000002,23.310000000000002
2020-09-27,Aqua,,,21.630000000000052,21.49000000000001
2020-09-28,Aqua,,30.450000000000045,22.060687830687876,22.03000000000003
2020-09-30,Aqua,,,24.66132275132278,24.010000000000048
2020-10-12,Aqua,,,22.375822784810143,22.450000000000045
2020-11-12,Aqua,,,21.944179894179918,22.57000000000005
2020-11-13,Aqua,37.561322751322784,36.870000000000005,,
2021-02-11,Aqua,,,21.400687830687858,21.230000000000018
2021-04-08,Aqua,33.450000000000045,33.81,,
2021-04-14,Aqua,,,22.74897810218981,22.930000000000007
2021-04-20,Aqua,,,20.694126984127024,20.590000000000032
2021-04-22,Aqua,35.65941798941803,35.80239940387482,,22.930000000000007
2021-05-10,Aqua,,28.450000000000045,23.729285714285748,24.250000000000057
2021-05-11,Aqua,34.25000000000006,34.190000000000055,,
2021-05-19,Aqua,31.350000000000023,31.850000000000023,,
2021-05-30,Aqua,29.49000000000001,29.49000000000001,,
2021-06-04,Aqua,,,23.32259259259262,23.630000000000052
2021-07-02,Aqua,34.209788359788384,34.35603337612325,22.00206349206353,22.130000000000052
2021-07-06,Aqua,,32.23000000000002,23.392222222222244,23.05000000000001
2021-07-12,Aqua,,,22.150000000000034,22.090000000000032
2021-07-18,Aqua,35.41190476190479,35.02000000000004,22.391818181818188,22.310000000000002
2021-07-24,Aqua,,,23.57000000000005,23.630000000000052
2021-07-25,Aqua,36.12322751322754,36.05000000000001,21.400582010582024,21.53000000000003
2021-07-27,Aqua,37.661851851851885,37.85202205882355,,21.910000000000025
2021-07-29,Aqua,35.470952380952404,35.57000000000005,23.33000000000004,22.710000000000036
2021-08-06,Aqua,,,21.576772486772516,21.390000000000043
2021-08-11,Aqua,,,22.45328042328045,23.170000000000016
2021-08-12,Aqua,35.223121693121726,35.710000000000036,,
2021-08-19,Aqua,34.65714285714289,34.53000000000003,,
2021-08-25,Aqua,,,24.470000000000027,24.27000000000004
2021-08-26,Aqua,34.9561375661376,35.48996086105676,22.371164021164066,22.630000000000052
2021-08-27,Aqua,,,23.55000000000001,22.890000000000043
2021-09-04,Aqua,37.11899470899475,37.61000000000002,,
2021-09-09,Aqua,33.51529100529103,33.83000000000004,,
2021-09-10,Aqua,33.03000000000003,32.150000000000034,,
2021-09-18,Aqua,36.64227513227516,37.09000000000003,,
2021-09-20,Aqua,31.890000000000043,34.57000000000005,,
2021-09-28,Aqua,,,22.61825396825399,22.230000000000018
2021-10-08,Aqua,36.03000000000003,35.23000000000002,,22.29000000000002
2021-10-24,Aqua,,39.25000000000006,23.201948051948076,23.49000000000001
2021-10-25,Aqua,,,21.6561375661376,21.710000000000036
2021-12-02,Aqua,38.787468354430416,34.25000000000006,,
2022-05-23,Aqua,32.63000000000005,32.13000000000005,,
2022-06-01,Aqua,32.63793650793654,32.85000000000002,,
2022-06-28,Aqua,,,23.91467153284673,23.690000000000055
2022-07-01,Aqua,34.33835978835981,34.670000000000016,,
2022-07-04,Aqua,,,23.5230158730159,23.530000000000026
2022-07-24,Aqua,34.52071428571433,34.07000000000005,,
2022-07-31,Aqua,35.69814814814817,35.58206243032334,,
2022-08-07,Aqua,32.81,31.890000000000043,,
2022-08-08,Aqua,,30.450000000000045,23.351428571428592,23.430000000000007
2022-08-09,Aqua,34.532539682539706,34.950000000000045,,21.390000000000043
2022-08-16,Aqua,,,18.750000000000057,17.910000000000025
2022-08-18,Aqua,34.09582010582013,34.690000000000055,22.20635036496353,22.150000000000034
2022-09-01,Aqua,33.05000000000001,32.73000000000002,,
2022-09-12,Aqua,,30.350000000000023,21.380158730158772,21.950000000000045
2022-09-24,Aqua,35.46375661375663,35.80000000000001,,
2023-03-06,Aqua,,,22.249576719576755,22.090000000000032
2023-03-09,Aqua,,,22.555454545454555,22.510000000000048
2023-04-07,Aqua,,,22.388306878306896,22.370000000000005
2023-04-10,Aqua,,,23.289689922480637,22.950000000000045
2023-05-01,Aqua,,,23.635454545454575,23.83000000000004
2023-05-16,Aqua,35.153492063492095,35.31,21.37888888888892,21.590000000000032
2023-05-17,Aqua,,,22.610000000000014,22.27000000000004
2023-05-20,Aqua,,,24.745026455026483,24.910000000000025
2023-05-23,Aqua,,,21.58386243386246,21.310000000000002
2023-05-31,Aqua,,,21.770620155038777,22.27000000000004
2023-06-09,Aqua,,,21.472328042328073,21.610000000000014
2023-06-12,Aqua,,,23.517341772151923,23.03000000000003
2023-06-20,Aqua,33.222275132275165,33.85000000000002,,
2023-07-04,Aqua,33.38058201058203,33.83000000000004,,18.810000000000002
2023-07-09,Aqua,31.650000000000034,31.99000000000001,,
2023-07-10,Aqua,,,23.49000000000001,23.55000000000001
2023-07-11,Aqua,33.716821705426376,33.79000000000002,20.970000000000027,20.970000000000027
2023-07-18,Aqua,35.0993121693122,35.58333333333337,21.877301587301627,21.810000000000002
2023-07-19,Aqua,,,21.298148148148194,21.450000000000045
2023-07-20,Aqua,,,21.39545454545458,21.810000000000002
2023-07-26,Aqua,,,18.4319047619048,19.49000000000001
2023-07-30,Aqua,32.56071428571433,32.59000000000003,,
2023-07-31,Aqua,,,20.894496124031022,21.110000000000014
2023-08-01,Aqua,33.958677248677276,34.63000000000005,,
2023-08-02,Aqua,,,22.334550264550288,22.33000000000004
2023-08-06,Aqua,34.75677248677251,35.150000000000034,22.65000000000003,22.610000000000014
2023-08-08,Aqua,34.42555555555559,34.98290681502088,23.455714285714336,23.83000000000004
2023-08-10,Aqua,34.25105820105824,35.110000000000014,,23.27000000000004
2023-08-13,Aqua,34.22417989417993,34.64425925925929,19.080899470899485,19.130000000000052
2023-08-15,Aqua,35.43000000000001,35.23000000000002,,21.230000000000018
2023-08-19,Aqua,,,22.83000000000004,22.730000000000018
2023-08-20,Aqua,35.65730158730162,35.31,21.880264550264563,21.950000000000045
2023-08-22,Aqua,,33.410000000000025,22.710000000000033,22.27000000000004
2023-08-23,Aqua,,,20.233386243386263,20.470000000000027
2023-08-24,Aqua,32.210000000000036,31.370000000000005,23.5518181818182,23.29000000000002
2023-08-27,Aqua,34.85158730158734,34.99000000000001,,16.690000000000055
2023-08-29,Aqua,35.014126984127024,35.130000000000045,,
2023-08-30,Aqua,34.18576719576722,34.75000000000006,,21.53000000000003
2023-08-31,Aqua,34.49000000000001,35.610000000000014,,23.450000000000045
2023-09-01,Aqua,34.75031746031748,35.25000000000006,,
2023-09-03,Aqua,35.65761904761908,35.650000000000034,,
2023-09-05,Aqua,35.78142857142863,36.05000000000001,,
2023-09-07,Aqua,,,22.690000000000055,22.33000000000004
2023-09-08,Aqua,35.68164021164026,35.150000000000034,,
2023-09-10,Aqua,35.43042328042331,35.63000000000005,21.23592592592597,20.950000000000042
2023-09-11,Aqua,,,20.89243386243389,20.430000000000007
2023-09-12,Aqua,37.484920634920655,37.77000000000004,22.394232804232814,22.33000000000004
2023-09-15,Aqua,35.11910052910056,35.650000000000034,,
2023-09-17,Aqua,36.27793650793655,36.79000000000002,,
2023-09-22,Aqua,37.48079365079368,37.25000000000006,20.392645502645536,20.27000000000004
2023-09-23,Aqua,,,22.37316546762592,22.33000000000004
2023-09-26,Aqua,37.32608465608468,37.150000000000034,23.33000000000004,23.810000000000002
2023-09-27,Aqua,39.0735978835979,38.950000000000045,,
2023-09-28,Aqua,34.86386243386246,35.69586666666671,,22.870000000000005
2023-09-29,Aqua,40.260687830687864,40.79000000000002,22.183862433862455,22.190000000000058
2023-09-30,Aqua,,,23.09714285714289,23.03000000000003
2023-10-03,Aqua,,,21.90502645502648,21.650000000000034
2023-10-04,Aqua,36.546931216931235,37.199642857142905,,
2023-10-06,Aqua,38.519100529100555,38.57000000000005,,
2023-10-07,Aqua,,,22.890000000000043,22.370000000000005
2023-10-08,Aqua,36.737936507936546,37.27000000000004,22.53000000000003,22.370000000000005
2023-10-11,Aqua,36.582063492063526,37.03000000000003,,
2023-10-12,Aqua,,,22.898148148148177,22.250000000000057
2023-10-13,Aqua,37.766507936507956,35.99000000000001,,
2023-10-16,Aqua,35.950000000000045,37.190000000000055,,
2023-10-17,Aqua,,,22.991481481481507,22.870000000000005
2023-10-18,Aqua,40.66544973544976,39.78882797731571,,
2023-10-20,Aqua,37.198677248677285,37.89000000000004,,
2023-10-25,Aqua,,,22.735820105820125,21.930000000000007
2023-10-27,Aqua,37.44291005291009,37.610000000000014,,
2023-10-28,Aqua,38.87656084656086,38.297447280799126,,24.53000000000003
2023-10-29,Aqua,38.379735449735456,38.470118343195296,,25.27000000000004
2023-10-30,Aqua,36.64650793650796,37.13000000000005,,
2023-11-01,Aqua,,,22.236031746031784,22.110000000000014
2023-11-02,Aqua,,,24.182658227848144,23.55000000000001
2023-11-08,Aqua,36.27719576719579,36.63000000000005,,23.970000000000027
2023-11-12,Aqua,,,23.890000000000043,23.590000000000032
2023-11-15,Aqua,,,21.717089947089985,22.07000000000005
2023-11-18,Aqua,36.79000000000002,37.610000000000014,,
2023-12-12,Aqua,,,21.744814814814834,21.81
2023-12-13,Aqua,34.73000000000002,35.83000000000004,,
2023-12-16,Aqua,36.86259259259262,37.370000000000005,19.99740740740743,21.150000000000034
2023-12-18,Aqua,35.45296296296301,36.33000000000004,,20.690000000000055
2023-12-20,Aqua,36.085767195767225,36.31,,23.230000000000018
2023-12-21,Aqua,37.00894179894182,38.690000000000055,,
2024-01-24,Aqua,,,22.73627737226281,22.53000000000003
2024-02-08,Aqua,,30.99000000000001,24.29486772486777,24.750000000000057
2024-02-11,Aqua,34.04974025974029,34.03000000000003,,
2024-03-18,Aqua,,27.910000000000025,21.930000000000007,21.810000000000002
2024-03-29,Aqua,24.750000000000057,23.190000000000055,,
2024-05-07,Aqua,,,22.985978835978866,23.470000000000027
2024-05-08,Aqua,,,21.314232804232816,21.230000000000018
2024-05-28,Aqua,,,25.350000000000023,25.83000000000004
2024-05-29,Aqua,,33.83000000000004,21.187671957671988,21.350000000000023
2024-05-31,Aqua,,,23.796137566137606,23.470000000000027
2024-06-05,Aqua,34.51000000000005,34.29000000000002,,
2024-06-07,Aqua,35.602486772486785,35.51000000000005,,
2024-06-15,Aqua,33.67899470899472,34.2591228070176,,
2024-06-17,Aqua,34.329259259259295,34.09000000000004,22.710000000000036,21.29000000000002
2024-06-21,Aqua,,,23.241746031746064,23.630000000000052
2024-06-27,Aqua,32.925555555555576,33.110000000000014,,
2024-06-30,Aqua,,,19.06904761904764,20.05000000000001
2024-07-11,Aqua,,34.27000000000004,24.533571428571467,23.410000000000025
2024-07-14,Aqua,31.36767195767199,30.642000000000042,,21.49000000000001
2024-07-16,Aqua,34.22153439153443,34.410000000000025,,
2024-07-21,Aqua,34.26454545454549,34.610000000000014,18.42417989417993,20.090000000000032
2024-07-22,Aqua,,,22.63761904761907,22.795213849287183
2024-07-26,Aqua,,31.170000000000016,20.973280423280446,20.890000000000047
2024-07-29,Aqua,,,21.431693121693137,21.17000000000002
2024-07-31,Aqua,34.56566137566139,34.35000000000002,,
2024-08-08,Aqua,,,21.5577248677249,21.65000000000003
2024-08-09,Aqua,33.32576719576722,33.352214983713374,,
2024-08-12,Aqua,34.79000000000002,32.51000000000005,21.247777777777806,21.090000000000032
2024-08-14,Aqua,34.011693121693156,34.08036585365858,20.60164556962027,20.77000000000004
2024-08-20,Aqua,,,22.39571428571432,22.350000000000023
2024-08-24,Aqua,35.128518518518526,35.39000000000004,17.06085271317833,17.930000000000007
2024-08-25,Aqua,,,21.868941798941826,21.610000000000014
2024-09-03,Aqua,32.382727272727294,33.670000000000016,,18.450000000000045
2024-09-07,Aqua,33.916428571428604,33.210000000000036,23.894379562043824,23.370000000000005
2024-09-12,Aqua,28.467777777777822,28.670000000000016,,
2024-09-15,Aqua,34.64354497354499,34.670000000000016,,22.230000000000018
2024-09-20,Aqua,34.907883597883625,35.365750000000006,,
2024-09-27,Aqua,33.243525179856135,33.35000000000002,,23.310000000000002
2024-09-28,Aqua,,,20.07000000000005,19.610000000000014
2024-09-30,Aqua,35.62298701298705,36.110000000000014,,
2024-10-02,Aqua,29.84571428571431,30.450000000000045,,
2024-10-07,Aqua,29.07000000000005,32.35000000000002,,
2024-10-16,Aqua,,,22.854761904761936,23.310000000000002
2024-10-19,Aqua,37.10894179894184,37.130000000000045,,
2024-10-22,Aqua,37.474675324675374,36.83000000000004,,
2024-10-26,Aqua,36.97984126984129,36.35000000000002,,
2024-10-27,Aqua,36.77405063291141,35.79000000000002,,
2024-10-29,Aqua,35.88661375661376,35.39000000000004,24.80259259259263,24.710000000000036
2025-01-02,Aqua,34.395502645502674,34.55000000000001,,
2025-02-13,Aqua,33.76164021164024,33.920000000000016,,
2025-03-05,Aqua,32.210000000000036,33.370000000000005,,
2025-04-28,Aqua,,,18.310000000000002,18.310000000000002
2025-05-20,Aqua,32.950000000000045,32.23000000000002,,
2025-05-29,Aqua,,,23.40015873015876,23.670000000000016
2025-05-30,Aqua,32.75000000000006,32.410000000000025,,
2025-06-11,Aqua,,,23.75656084656088,23.850000000000023
2025-06-15,Aqua,,,22.72640211640214,22.730000000000018
2025-06-16,Aqua,32.700582010582025,32.27000000000004,,
2025-06-22,Aqua,31.110000000000014,30.370000000000005,,
2025-06-26,Aqua,,,23.555454545454584,23.370000000000005
2025-07-03,Aqua,,,21.83000000000004,21.950000000000045
2025-07-04,Aqua,31.64259259259262,31.922751423149922,,
2025-07-09,Aqua,31.495608465608495,31.010000000000048,,
2025-07-12,Aqua,34.73000000000002,33.670000000000016,,
2025-07-18,Aqua,,,21.746402116402145,21.57000000000005
2025-07-28,Aqua,,,20.478571428571463,20.610000000000014
2025-07-31,Aqua,,,23.382403100775218,23.090000000000032
2025-08-01,Aqua,34.140899470899484,33.79000000000002,,
2025-08-09,Aqua,32.83000000000004,32.79000000000002,,
2025-08-10,Aqua,,,22.170000000000016,21.55000000000001
2025-08-14,Aqua,,,20.510000000000048,20.57000000000005
2025-08-16,Aqua,32.3651322751323,32.572535211267656,,
2025-08-25,Aqua,,,20.684708994709016,21.250000000000057
2025-08-26,Aqua,,29.470000000000027,24.015454545454585,24.05000000000001
2025-08-27,Aqua,34.2357142857143,34.80759336099585,,
2025-09-01,Aqua,32.35000000000002,32.670000000000016,,
2025-09-20,Aqua,,,22.70797468354432,22.370000000000005
2025-09-24,Aqua,33.03021164021166,32.75000000000006,,
2025-09-26,Aqua,33.19714285714287,33.73000000000002,,
2025-10-03,Aqua,,,24.33000000000004,24.77000000000004
2025-10-09,Aqua,34.913280423280455,34.650000000000034,,
2025-10-14,Aqua,34.217830687830734,34.23000000000002,,
2025-12-22,Aqua,33.127142857142886,32.51000000000005,,
2026-03-11,Aqua,,,22.935502645502662,22.55000000000001
2026-03-12,Aqua,29.790634920634957,30.77000000000004,22.798253968254,22.99000000000001
2026-03-13,Aqua,,,21.91507936507941,22.210000000000036
2026-04-12,Aqua,33.006190476190504,33.31,,
2026-04-17,Aqua,29.28629629629632,29.870000000000005,,
2026-04-25,Aqua,,,23.67264550264552,23.730000000000018
2026-05-13,Aqua,,,23.262169312169338,23.390000000000043
2026-05-28,Aqua,,25.650000000000034,23.250000000000057,22.950000000000045
2026-06-02,Aqua,,,23.47148148148152,22.850000000000023
2026-06-05,Aqua,28.90238095238098,29.090000000000035,,
2026-06-07,Aqua,32.0472486772487,31.950000000000045,,23.850000000000023
2026-06-08,Aqua,33.09465116279073,33.05000000000001,,23.630000000000052
2026-06-10,Aqua,,,23.930000000000007,24.130000000000052
2026-06-13,Aqua,32.26629629629633,31.91998043052839,,
2026-06-18,Aqua,33.450000000000045,33.410000000000025,,24.090000000000032
2026-06-20,Aqua,,,23.498831168831202,23.410000000000025
2026-06-27,Aqua,,,21.85412698412699,22.090000000000032
2026-06-28,Aqua,30.49000000000001,30.730000000000018,,24.230000000000018
2026-06-29,Aqua,,,22.4935978835979,22.650000000000034
2026-07-01,Aqua,34.82240875912414,32.710000000000036,,
2026-07-04,Aqua,,31.650000000000034,22.380476190476237,22.510000000000048
2026-07-05,Aqua,,,21.90291005291008,22.23000000000002
2026-07-06,Aqua,,,23.721005291005323,23.310000000000002
2026-07-09,Aqua,32.93973544973546,32.97000000000003,,
2026-07-10,Aqua,,,19.80224806201553,21.430000000000007
2026-07-16,Aqua,31.386719576719603,30.970000000000027,22.870000000000005,21.970000000000027
2026-07-18,Aqua,,,21.53253968253972,21.33000000000004
2026-07-19,Aqua,,,23.942804232804264,23.710000000000036
2026-07-21,Aqua,,,22.783722627737237,22.110000000000014
2026-07-23,Aqua,,,18.411164021164037,19.850000000000023
2026-07-27,Aqua,32.800370370370395,32.73000000000002,,
2026-07-30,Aqua,,32.190000000000055,21.478148148148176,21.330000000000044
2026-08-01,Aqua,31.854867724867745,31.79000000000002,,22.900000000000034
2026-08-03,Aqua,28.79000000000002,29.690000000000055,,23.650000000000034
2026-08-04,Aqua,,,22.318372093023285,21.950000000000045
2026-08-09,Aqua,32.85545454545459,33.27000000000004,,
2026-08-12,Aqua,33.39666666666669,33.150000000000034,,
2026-08-17,Aqua,33.60185185185188,33.93000000000001,23.03000000000003,23.890000000000043
2026-08-18,Aqua,,,21.27962962962965,21.33000000000004
2026-08-19,Aqua,,,21.65207792207794,21.750000000000057
2026-08-22,Aqua,33.28417989417991,33.410000000000025,,22.55000000000001
2026-08-25,Aqua,33.54636363636367,33.63000000000005,22.576455026455054,22.590000000000032
2026-08-30,Aqua,,31.650000000000034,22.428571428571463,22.810000000000002
2026-09-02,Aqua,32.80333333333337,33.53000000000003,,
2026-09-03,Aqua,,,21.979312169312198,23.010000000000048
2026-09-04,Aqua,33.919100529100554,33.93000000000001,,
2026-09-06,Aqua,29.187410071942473,28.930000000000007,21.950000000000045,21.730000000000018
2026-09-07,Aqua,33.54439153439156,33.630078125000054,20.870846560846587,20.910000000000025
2026-09-11,Aqua,,,22.523439153439192,22.390000000000043
2026-09-12,Aqua,33.97000000000003,33.79000000000002,,
2026-09-14,Aqua,33.389576719576745,33.81,,22.03000000000003
