date,tpa_nama,sensor,day_tpa,day_ring,night_tpa,night_ring
2019-01-04,Bantargebang,Terra,40.08455497382201,38.050000000000004,23.39040540540545,22.090000000000032
2019-02-23,Bantargebang,Terra,36.31198952879587,35.05000000000001,,
2019-03-20,Bantargebang,Terra,38.426858638743475,33.85000000000002,,
2019-03-25,Bantargebang,Terra,37.931884816753936,38.950000000000045,,
2019-03-29,Bantargebang,Terra,39.337748691099485,38.110000000000014,,
2019-04-03,Bantargebang,Terra,37.77345549738222,35.51000000000004,,
2019-04-07,Bantargebang,Terra,36.150104712041916,35.35000000000002,,
2019-04-14,Bantargebang,Terra,38.29000000000002,38.25000000000006,,
2019-05-03,Bantargebang,Terra,37.89858638743457,35.89000000000004,,
2019-05-05,Bantargebang,Terra,37.94191489361707,33.73000000000002,,
2019-05-07,Bantargebang,Terra,37.83198952879584,35.27000000000004,,
2019-05-19,Bantargebang,Terra,36.45942408376967,35.13000000000005,,
2019-05-21,Bantargebang,Terra,36.76382198952882,34.610000000000014,23.458586387434586,23.970000000000027
2019-05-23,Bantargebang,Terra,37.99125654450264,35.480039370078764,,22.99000000000001
2019-05-25,Bantargebang,Terra,36.390000000000036,35.3016870415648,,
2019-05-26,Bantargebang,Terra,36.53596858638748,35.210000000000036,,
2019-05-28,Bantargebang,Terra,35.32947643979059,33.73000000000002,23.75914893617026,23.590000000000032
2019-05-30,Bantargebang,Terra,37.579738219895304,35.640467289719666,,24.190000000000055
2019-06-06,Bantargebang,Terra,36.08528795811521,34.110000000000014,23.731780104712065,23.850000000000023
2019-06-10,Bantargebang,Terra,37.480471204188525,35.41937500000002,,
2019-06-13,Bantargebang,Terra,36.10560209424088,34.610000000000014,,
2019-06-17,Bantargebang,Terra,36.73481675392674,34.7647398843931,23.39701570680632,24.03000000000003
2019-06-18,Bantargebang,Terra,34.250942408377014,33.450000000000045,,23.33000000000004
2019-06-19,Bantargebang,Terra,32.29000000000002,31.83000000000004,,
2019-06-20,Bantargebang,Terra,37.78528795811521,35.51000000000005,,22.450000000000045
2019-06-21,Bantargebang,Terra,,,22.59680628272256,22.950000000000045
2019-06-23,Bantargebang,Terra,,,21.77000000000004,21.950000000000045
2019-06-24,Bantargebang,Terra,36.561937172774876,34.98000000000002,,24.49000000000001
2019-06-25,Bantargebang,Terra,35.9259162303665,35.49000000000001,,
2019-06-26,Bantargebang,Terra,35.69879581151835,34.59000000000003,,25.090000000000032
2019-06-27,Bantargebang,Terra,38.43303664921467,37.081021126760604,,
2019-06-29,Bantargebang,Terra,37.563403141361285,36.14167213114758,,23.310000000000002
2019-06-30,Bantargebang,Terra,,,21.83000000000004,22.810000000000002
2019-07-01,Bantargebang,Terra,38.41596858638747,36.85963414634148,,
2019-07-04,Bantargebang,Terra,,,18.450000000000045,18.450000000000045
2019-07-06,Bantargebang,Terra,,,22.88445026178014,22.870000000000005
2019-07-08,Bantargebang,Terra,37.50497382198956,35.650000000000034,,22.110000000000014
2019-07-10,Bantargebang,Terra,36.419109947644,34.710000000000036,,24.090000000000032
2019-07-12,Bantargebang,Terra,37.19366492146598,35.83000000000004,22.73973821989532,23.05000000000001
2019-07-13,Bantargebang,Terra,37.135968586387484,35.97000000000002,,
2019-07-14,Bantargebang,Terra,31.710732984293248,31.99000000000001,,23.970000000000027
2019-07-15,Bantargebang,Terra,38.493979057591645,36.370000000000005,21.027172774869143,20.55000000000001
2019-07-16,Bantargebang,Terra,,,22.129895287958156,22.33000000000004
2019-07-17,Bantargebang,Terra,39.45136125654451,37.690000000000055,,19.79000000000002
2019-07-19,Bantargebang,Terra,,,24.04391304347831,24.07000000000005
2019-07-24,Bantargebang,Terra,38.5889528795812,36.35000000000002,,
2019-07-25,Bantargebang,Terra,,,21.33000000000004,21.930000000000007
2019-07-26,Bantargebang,Terra,35.75345549738222,34.91000000000002,,23.910000000000025
2019-07-28,Bantargebang,Terra,37.63753926701574,36.650000000000034,24.210000000000036,24.33000000000004
2019-07-29,Bantargebang,Terra,32.25000000000006,32.25000000000006,22.63963350785344,22.670000000000016
2019-07-30,Bantargebang,Terra,34.968324607329855,34.51000000000005,22.310000000000002,22.57000000000005
2019-07-31,Bantargebang,Terra,41.32099476439792,39.25000000000006,22.29000000000002,22.170000000000016
2019-08-02,Bantargebang,Terra,40.017853403141395,38.13000000000005,,24.03000000000003
2019-08-04,Bantargebang,Terra,39.789057591623084,37.63000000000005,,23.930000000000007
2019-08-05,Bantargebang,Terra,35.38664921465972,34.610000000000014,,
2019-08-06,Bantargebang,Terra,36.06612565445029,35.53000000000003,,
2019-08-07,Bantargebang,Terra,39.16832460732986,37.450000000000045,,
2019-08-09,Bantargebang,Terra,37.63345549738222,35.03000000000003,,
2019-08-11,Bantargebang,Terra,36.267068062827256,34.110000000000014,,24.710000000000036
2019-08-13,Bantargebang,Terra,35.74392670157069,34.31,23.60507853403144,23.930000000000007
2019-08-14,Bantargebang,Terra,,,17.890000000000043,17.890000000000043
2019-08-18,Bantargebang,Terra,42.096178010471256,40.09000000000003,,24.110000000000014
2019-08-20,Bantargebang,Terra,,33.950000000000045,23.27000000000004,24.590000000000032
2019-08-21,Bantargebang,Terra,37.94256544502618,36.81,,
2019-08-23,Bantargebang,Terra,40.07429319371732,37.79000000000002,22.85670157068067,22.99000000000001
2019-08-25,Bantargebang,Terra,41.299633507853414,39.23000000000002,,
2019-08-29,Bantargebang,Terra,37.25932432432438,37.47000000000003,,
2019-08-30,Bantargebang,Terra,41.270523560209455,39.77000000000004,22.53000000000003,22.07000000000005
2019-08-31,Bantargebang,Terra,37.72298429319377,37.05000000000001,,23.930000000000007
2019-09-01,Bantargebang,Terra,41.62068062827228,38.98276595744682,,21.99000000000001
2019-09-03,Bantargebang,Terra,,,22.732513089005252,23.57000000000005
2019-09-05,Bantargebang,Terra,39.46702127659577,37.490000000000016,,
2019-09-08,Bantargebang,Terra,39.46717277486914,36.154316020482845,,
2019-09-09,Bantargebang,Terra,36.47596858638746,36.13000000000005,,
2019-09-10,Bantargebang,Terra,45.630314136125676,43.299102564102576,,23.850000000000023
2019-09-12,Bantargebang,Terra,43.3577486910995,41.89000000000004,22.787277486911023,22.77000000000004
2019-09-14,Bantargebang,Terra,39.3613089005236,37.53571428571431,23.23680628272257,21.93000000000001
2019-09-15,Bantargebang,Terra,36.49000000000001,36.950000000000045,17.35053191489364,18.210000000000036
2019-09-16,Bantargebang,Terra,35.743723404255334,35.110000000000014,23.440000000000023,23.57000000000005
2019-09-19,Bantargebang,Terra,36.93513089005236,35.870000000000005,21.250000000000057,21.670000000000016
2019-09-21,Bantargebang,Terra,42.521518324607364,41.26344827586212,,25.670000000000016
2019-09-22,Bantargebang,Terra,37.06078534031416,37.53000000000003,,22.850000000000023
2019-09-23,Bantargebang,Terra,33.870000000000005,35.89000000000004,,25.450000000000045
2019-09-24,Bantargebang,Terra,39.84832460732984,39.230000000000025,,24.010000000000048
2019-09-26,Bantargebang,Terra,43.643821989528824,41.47754578754581,,24.450000000000045
2019-09-28,Bantargebang,Terra,42.107978723404294,40.29000000000002,,25.27000000000004
2019-09-30,Bantargebang,Terra,,,22.870000000000005,23.07000000000005
2019-10-01,Bantargebang,Terra,42.47806282722515,41.35000000000002,,
2019-10-05,Bantargebang,Terra,47.29251308900528,45.43000000000001,,24.710000000000036
2019-10-09,Bantargebang,Terra,35.29000000000002,36.29000000000002,,24.610000000000014
2019-10-14,Bantargebang,Terra,42.209594594594634,41.99000000000001,24.41861702127662,24.49000000000001
2019-10-19,Bantargebang,Terra,40.99000000000001,38.09000000000003,,
2019-10-20,Bantargebang,Terra,,,24.410000000000025,24.670000000000016
2019-10-21,Bantargebang,Terra,34.36937172774872,34.39000000000004,,
2019-10-22,Bantargebang,Terra,40.065183246073346,39.73000000000002,,
2019-10-23,Bantargebang,Terra,39.70109947643979,42.07768115942033,,
2019-10-24,Bantargebang,Terra,40.84581151832464,40.65000000000003,,
2019-10-25,Bantargebang,Terra,39.33000000000004,39.35000000000002,,
2019-10-26,Bantargebang,Terra,44.10109947643984,42.59000000000003,,
2019-10-28,Bantargebang,Terra,,,23.750000000000057,23.150000000000034
2019-10-30,Bantargebang,Terra,40.75701570680631,42.170000000000016,25.009565217391312,24.91975609756099
2019-11-01,Bantargebang,Terra,41.08518324607332,40.97000000000003,,
2019-11-06,Bantargebang,Terra,36.72570680628276,38.77000000000004,,21.910000000000025
2019-11-08,Bantargebang,Terra,41.01052356020943,40.610000000000014,23.364659685863913,23.870000000000005
2019-11-09,Bantargebang,Terra,40.8234031413613,39.27000000000004,,
2019-11-15,Bantargebang,Terra,43.858062827225154,42.370000000000005,,
2019-11-17,Bantargebang,Terra,38.08717277486915,38.29000000000002,,25.810000000000002
2019-11-20,Bantargebang,Terra,43.57743455497388,40.47000000000003,,
2019-11-22,Bantargebang,Terra,38.6475916230367,36.83000000000004,,
2019-11-24,Bantargebang,Terra,43.298900523560256,39.41659824046923,24.130000000000052,24.690000000000055
2019-11-27,Bantargebang,Terra,,,22.442774869109957,22.710000000000036
2019-11-29,Bantargebang,Terra,38.57000000000005,37.07000000000005,,
2019-12-01,Bantargebang,Terra,38.572198952879596,38.190000000000055,,
2019-12-08,Bantargebang,Terra,40.562041884816786,37.25977955911828,,
2019-12-24,Bantargebang,Terra,37.68267015706811,35.150000000000034,,
2020-03-15,Bantargebang,Terra,35.05000000000001,36.35000000000002,,
2020-04-05,Bantargebang,Terra,39.30717277486912,38.670000000000016,,
2020-04-14,Bantargebang,Terra,34.190000000000055,32.51000000000005,,
2020-05-16,Bantargebang,Terra,37.69376963350788,35.920000000000016,,
2020-05-23,Bantargebang,Terra,38.556806282722526,36.89000000000004,,24.610000000000014
2020-05-25,Bantargebang,Terra,38.44120418848171,36.99000000000001,,
2020-05-30,Bantargebang,Terra,36.65010471204191,35.35000000000002,,
2020-06-01,Bantargebang,Terra,38.09345549738222,36.450000000000045,,
2020-06-12,Bantargebang,Terra,33.88026178010475,33.33000000000004,22.430000000000007,23.230000000000018
2020-06-13,Bantargebang,Terra,34.536387434554996,33.610000000000014,,
2020-06-14,Bantargebang,Terra,32.48068062827227,32.35000000000002,,
2020-06-16,Bantargebang,Terra,,,22.450000000000045,22.610000000000014
2020-06-17,Bantargebang,Terra,35.95272251308903,34.23000000000002,,
2020-06-26,Bantargebang,Terra,36.29554973821995,34.48000000000002,,21.55000000000001
2020-06-29,Bantargebang,Terra,36.694712041884834,35.450000000000045,,24.670000000000016
2020-06-30,Bantargebang,Terra,,28.850000000000023,23.418586387434566,23.870000000000005
2020-07-01,Bantargebang,Terra,38.7128272251309,35.83000000000004,,
2020-07-05,Bantargebang,Terra,33.06445026178015,32.77000000000004,,22.79000000000002
2020-07-11,Bantargebang,Terra,,,22.55031413612567,22.430000000000007
2020-07-12,Bantargebang,Terra,36.70790575916231,35.35000000000002,,23.730000000000018
2020-07-17,Bantargebang,Terra,36.597539267015726,33.55000000000001,,20.630000000000052
2020-07-19,Bantargebang,Terra,38.50759162303667,36.170000000000016,,23.890000000000043
2020-07-21,Bantargebang,Terra,36.786649214659704,35.01000000000005,,23.650000000000034
2020-07-26,Bantargebang,Terra,36.398272251308946,34.64000000000004,,22.33000000000004
2020-07-28,Bantargebang,Terra,39.3006806282723,36.93000000000001,,23.730000000000018
2020-07-31,Bantargebang,Terra,36.02151832460735,33.63000000000005,,
2020-08-01,Bantargebang,Terra,,36.110000000000014,22.867391304347834,22.77000000000004
2020-08-02,Bantargebang,Terra,38.33837696335083,36.354407252440744,,
2020-08-08,Bantargebang,Terra,,,24.59544502617806,24.250000000000057
2020-08-09,Bantargebang,Terra,30.99000000000001,30.890000000000043,,21.210000000000036
2020-08-18,Bantargebang,Terra,,,22.677434554973843,21.970000000000027
2020-08-20,Bantargebang,Terra,34.97115183246074,34.23000000000002,,25.090000000000032
2020-08-23,Bantargebang,Terra,37.9880104712042,36.48158273381297,,
2020-08-25,Bantargebang,Terra,40.556282722513124,38.71000000000003,23.076486486486537,21.53000000000003
2020-08-26,Bantargebang,Terra,38.534921465968594,38.170000000000016,23.390314136125696,23.310000000000002
2020-08-27,Bantargebang,Terra,40.569581151832494,38.23000000000002,,24.470000000000027
2020-08-29,Bantargebang,Terra,,,23.856276595744685,23.99000000000001
2020-08-31,Bantargebang,Terra,38.92371727748692,37.410000000000025,,22.610000000000014
2020-09-05,Bantargebang,Terra,41.69659685863878,39.23000000000002,,24.390000000000043
2020-09-07,Bantargebang,Terra,42.47240837696339,40.09000000000003,,
2020-09-12,Bantargebang,Terra,43.1929319371728,40.702688172043054,,24.930000000000007
2020-09-17,Bantargebang,Terra,37.156492146596875,35.73000000000002,,
2020-09-18,Bantargebang,Terra,,,24.310000000000002,23.83000000000004
2020-09-19,Bantargebang,Terra,40.54392670157069,38.25000000000006,,
2020-09-21,Bantargebang,Terra,40.36528795811518,37.63000000000005,,
2020-09-23,Bantargebang,Terra,39.26183246073302,37.93000000000001,,25.05000000000001
2020-09-28,Bantargebang,Terra,41.26853403141363,38.710000000000036,21.99972972972974,23.910000000000025
2020-09-29,Bantargebang,Terra,,,21.831276595744733,22.210000000000036
2020-09-30,Bantargebang,Terra,41.00853403141364,39.690000000000055,23.277853403141407,24.010000000000048
2020-10-02,Bantargebang,Terra,43.7688481675393,40.730000000000025,,
2020-10-07,Bantargebang,Terra,34.96026178010474,36.03000000000003,,
2020-10-23,Bantargebang,Terra,,,22.630000000000052,23.470000000000027
2020-11-12,Bantargebang,Terra,,,23.37356020942411,23.710000000000036
2020-11-17,Bantargebang,Terra,40.817872340425566,38.49000000000001,,
2020-11-19,Bantargebang,Terra,39.693246073298454,37.47000000000003,,
2020-12-01,Bantargebang,Terra,38.56659574468088,36.85000000000002,,
2021-04-08,Bantargebang,Terra,33.43000000000001,35.940000000000026,,
2021-04-16,Bantargebang,Terra,,,22.50727748691103,21.130000000000052
2021-04-17,Bantargebang,Terra,36.27000000000004,36.07000000000005,,
2021-04-20,Bantargebang,Terra,,31.450000000000045,22.250000000000057,22.310000000000002
2021-04-21,Bantargebang,Terra,36.84193717277491,36.29000000000002,,
2021-04-22,Bantargebang,Terra,39.10109947643981,37.110000000000014,,24.210000000000036
2021-04-23,Bantargebang,Terra,33.470104712041895,33.43000000000001,23.670000000000016,24.03000000000003
2021-04-24,Bantargebang,Terra,39.97816753926705,38.210000000000036,22.730000000000018,22.610000000000014
2021-04-26,Bantargebang,Terra,37.83994764397908,36.330000000000034,24.79000000000002,25.450000000000045
2021-05-10,Bantargebang,Terra,36.45575916230371,34.870000000000005,22.6061256544503,23.910000000000025
2021-05-12,Bantargebang,Terra,36.86790575916235,34.79000000000002,,
2021-05-14,Bantargebang,Terra,37.53460732984296,36.57000000000005,,23.630000000000052
2021-05-15,Bantargebang,Terra,37.25125654450266,35.29000000000002,,
2021-05-21,Bantargebang,Terra,35.163612565445064,34.07000000000005,,
2021-05-26,Bantargebang,Terra,33.69701570680629,33.410000000000025,,24.010000000000048
2021-05-28,Bantargebang,Terra,35.43104712041887,34.190000000000055,,24.83000000000004
2021-06-04,Bantargebang,Terra,34.233478260869596,33.93000000000001,,
2021-06-06,Bantargebang,Terra,35.577539267015744,34.39000000000004,,
2021-06-07,Bantargebang,Terra,31.730000000000018,31.730000000000018,,
2021-06-11,Bantargebang,Terra,35.55000000000001,33.43000000000001,,
2021-06-27,Bantargebang,Terra,37.070314136125695,34.76000000000005,,
2021-06-29,Bantargebang,Terra,35.96005235602096,34.97000000000003,,
2021-07-02,Bantargebang,Terra,31.606521739130482,31.250000000000057,23.530314136125682,23.450000000000045
2021-07-03,Bantargebang,Terra,34.07973821989533,33.23000000000002,,24.99000000000001
2021-07-04,Bantargebang,Terra,37.641623036649236,35.910000000000025,,24.250000000000057
2021-07-06,Bantargebang,Terra,37.07272251308903,35.57000000000005,,22.250000000000057
2021-07-12,Bantargebang,Terra,,,22.773648648648688,23.33000000000004
2021-07-15,Bantargebang,Terra,,32.410000000000025,22.816387434554997,22.410000000000025
2021-07-17,Bantargebang,Terra,35.528638743455545,34.73000000000002,,24.110000000000014
2021-07-18,Bantargebang,Terra,37.27157068062827,36.170000000000016,,19.53000000000003
2021-07-19,Bantargebang,Terra,,,23.484659685863917,23.57000000000005
2021-07-20,Bantargebang,Terra,37.30617021276596,34.910000000000025,,
2021-07-25,Bantargebang,Terra,35.32916230366492,34.98087656529518,,21.230000000000018
2021-07-26,Bantargebang,Terra,35.15691099476444,34.48123993558777,,23.79000000000002
2021-07-27,Bantargebang,Terra,38.92801047120421,37.13000000000005,,22.630000000000052
2021-07-28,Bantargebang,Terra,32.670000000000016,32.79000000000002,,23.590000000000032
2021-07-29,Bantargebang,Terra,38.524136125654465,36.09000000000003,,22.77000000000004
2021-08-02,Bantargebang,Terra,35.8860209424084,34.170000000000016,22.99000000000001,24.310000000000002
2021-08-04,Bantargebang,Terra,,,22.220680628272284,21.890000000000043
2021-08-05,Bantargebang,Terra,,,21.450000000000045,21.690000000000055
2021-08-06,Bantargebang,Terra,,,23.410000000000025,23.57000000000005
2021-08-07,Bantargebang,Terra,33.964973821989545,33.170000000000016,,24.010000000000048
2021-08-10,Bantargebang,Terra,,,19.650000000000034,19.99000000000001
2021-08-12,Bantargebang,Terra,38.57010471204192,36.48000000000002,,
2021-08-14,Bantargebang,Terra,37.641204188481716,35.83000000000004,,
2021-08-16,Bantargebang,Terra,37.868324607329896,36.610000000000014,,23.870000000000005
2021-08-18,Bantargebang,Terra,36.822774869109956,35.85000000000002,,
2021-08-23,Bantargebang,Terra,38.97324607329844,36.97000000000003,,
2021-08-25,Bantargebang,Terra,36.90853403141363,35.33000000000004,23.430000000000007,25.190000000000055
2021-08-26,Bantargebang,Terra,36.56486910994768,35.55000000000001,,
2021-08-27,Bantargebang,Terra,36.93963350785343,36.13000000000005,,25.090000000000032
2021-08-28,Bantargebang,Terra,38.40696335078536,36.47000000000003,22.254188481675435,22.690000000000055
2021-08-30,Bantargebang,Terra,38.01397905759166,37.190000000000055,,
2021-09-01,Bantargebang,Terra,40.66863874345553,38.05000000000001,,
2021-09-04,Bantargebang,Terra,36.53000000000003,36.07000000000005,,
2021-09-10,Bantargebang,Terra,40.09439790575921,38.35000000000002,,
2021-09-16,Bantargebang,Terra,,,20.110000000000014,20.750000000000057
2021-09-17,Bantargebang,Terra,39.341099476439794,37.47000000000003,,23.83000000000004
2021-09-18,Bantargebang,Terra,35.73858638743458,35.23000000000002,,
2021-09-19,Bantargebang,Terra,37.28633507853405,36.910000000000025,,
2021-09-20,Bantargebang,Terra,,,21.810000000000002,21.810000000000002
2021-09-26,Bantargebang,Terra,40.351276595744714,39.09000000000003,,
2021-10-03,Bantargebang,Terra,39.222041884816804,38.215852534562245,,
2021-10-08,Bantargebang,Terra,36.8890425531915,34.410000000000025,,
2021-10-09,Bantargebang,Terra,,,25.141891891891927,25.210000000000036
2021-10-10,Bantargebang,Terra,38.783191489361734,38.190000000000055,,23.630000000000052
2021-10-12,Bantargebang,Terra,43.79921465968588,41.25493023255819,,
2021-10-24,Bantargebang,Terra,39.235759162303694,37.33000000000004,,
2021-10-26,Bantargebang,Terra,39.86979057591628,37.98000000000002,,
2021-12-02,Bantargebang,Terra,38.09146596858642,36.975318559556804,,
2022-01-05,Bantargebang,Terra,37.652872340425574,34.690000000000055,,
2022-03-17,Bantargebang,Terra,,,22.655863874345588,22.29000000000002
2022-04-06,Bantargebang,Terra,37.71617801047121,35.97000000000003,,
2022-04-13,Bantargebang,Terra,33.96664921465972,33.77000000000004,,
2022-04-15,Bantargebang,Terra,35.6231937172775,35.07000000000005,,
2022-04-29,Bantargebang,Terra,,,23.620261780104727,24.05000000000001
2022-05-06,Bantargebang,Terra,37.76675392670159,36.05000000000001,,
2022-05-13,Bantargebang,Terra,38.33376963350789,36.47475336322872,,
2022-05-15,Bantargebang,Terra,36.950000000000045,36.01000000000005,,
2022-05-27,Bantargebang,Terra,37.301832460732996,36.57000000000005,,
2022-06-05,Bantargebang,Terra,36.08424083769634,35.27000000000004,,
2022-06-29,Bantargebang,Terra,29.83000000000004,29.250000000000057,,
2022-06-30,Bantargebang,Terra,34.69136125654452,33.490000000000016,,
2022-07-07,Bantargebang,Terra,32.16837837837839,32.23000000000002,24.002460732984307,23.610000000000014
2022-07-08,Bantargebang,Terra,,,22.08738219895289,22.07000000000005
2022-07-09,Bantargebang,Terra,38.3503141361257,36.410000000000025,,22.05000000000001
2022-07-18,Bantargebang,Terra,36.3764921465969,34.25622710622716,,
2022-07-20,Bantargebang,Terra,33.89858638743456,32.870000000000005,,23.55000000000001
2022-07-21,Bantargebang,Terra,36.02497382198955,34.910000000000025,,
2022-08-01,Bantargebang,Terra,33.26497382198955,33.07000000000005,,
2022-08-07,Bantargebang,Terra,,30.510000000000048,22.49052356020947,22.730000000000018
2022-08-08,Bantargebang,Terra,39.394607329842955,37.01500000000004,23.534502617801095,23.430000000000003
2022-08-09,Bantargebang,Terra,,,21.268848167539325,22.810000000000002
2022-08-10,Bantargebang,Terra,38.78979057591626,36.370000000000005,22.386020942408383,22.130000000000052
2022-08-14,Bantargebang,Terra,36.97000000000003,33.53000000000003,,
2022-08-17,Bantargebang,Terra,,,23.36878378378379,23.77000000000004
2022-08-19,Bantargebang,Terra,37.66214659685864,36.05000000000001,,
2022-08-24,Bantargebang,Terra,,33.910000000000025,21.658695652173957,23.03000000000003
2022-09-15,Bantargebang,Terra,37.52476439790578,36.89000000000004,,
2022-09-24,Bantargebang,Terra,,,23.202670157068102,23.090000000000032
2022-09-25,Bantargebang,Terra,,,23.80015706806284,23.690000000000055
2022-09-27,Bantargebang,Terra,39.99481675392673,38.370000000000005,,
2023-01-14,Bantargebang,Terra,37.569267015706856,35.93000000000001,,
2023-03-07,Bantargebang,Terra,,,23.546544502617838,23.470000000000027
2023-03-08,Bantargebang,Terra,,,20.95743455497385,21.03000000000003
2023-04-07,Bantargebang,Terra,39.0158638743456,37.35688259109314,,
2023-04-12,Bantargebang,Terra,38.38581151832462,37.204545454545496,,
2023-05-13,Bantargebang,Terra,37.17910994764399,36.14824686940969,,
2023-05-16,Bantargebang,Terra,36.13073298429324,34.79640000000001,23.216282722513135,23.49000000000001
2023-05-23,Bantargebang,Terra,,,22.49000000000001,23.630000000000052
2023-05-25,Bantargebang,Terra,34.751151832460764,33.33000000000004,,
2023-05-28,Bantargebang,Terra,,,23.734188481675417,23.650000000000034
2023-05-30,Bantargebang,Terra,35.65376963350789,34.05000000000001,,
2023-06-01,Bantargebang,Terra,33.23596858638745,33.25557986870902,,24.510000000000048
2023-06-02,Bantargebang,Terra,33.28078534031416,32.190000000000055,,22.230000000000018
2023-06-09,Bantargebang,Terra,36.45607329842933,34.59000000000003,,23.83000000000004
2023-06-11,Bantargebang,Terra,37.170104712041926,35.650000000000034,,24.110000000000014
2023-06-21,Bantargebang,Terra,35.59000000000003,31.870000000000005,,
2023-06-23,Bantargebang,Terra,33.440052356020985,32.25000000000006,,
2023-06-28,Bantargebang,Terra,34.508115183246105,33.410000000000025,,
2023-06-30,Bantargebang,Terra,33.88214659685865,32.05000000000001,,
2023-07-05,Bantargebang,Terra,35.11795811518326,33.81000000000001,,24.57000000000005
2023-07-12,Bantargebang,Terra,35.52183246073302,34.695470085470134,,22.750000000000057
2023-07-17,Bantargebang,Terra,37.34392670157068,35.610000000000014,,24.29000000000002
2023-07-18,Bantargebang,Terra,34.05680628272253,33.89000000000004,22.685811518324655,22.670000000000016
2023-07-19,Bantargebang,Terra,36.07010471204193,35.25725000000005,,24.99000000000001
2023-07-20,Bantargebang,Terra,36.928324607329884,34.97000000000003,,
2023-07-22,Bantargebang,Terra,35.42874345549741,34.01574647887329,,
2023-07-26,Bantargebang,Terra,,,23.4893717277487,23.630000000000052
2023-07-27,Bantargebang,Terra,,32.25000000000006,22.60905759162307,22.450000000000045
2023-07-29,Bantargebang,Terra,35.14979057591626,33.170000000000016,,22.310000000000002
2023-07-30,Bantargebang,Terra,33.83000000000004,32.410000000000025,,
2023-07-31,Bantargebang,Terra,33.756806282722565,33.081038961039006,,24.57000000000005
2023-08-03,Bantargebang,Terra,37.1508376963351,34.73000000000002,,
2023-08-05,Bantargebang,Terra,36.0557591623037,34.293469387755124,,25.010000000000048
2023-08-06,Bantargebang,Terra,36.60706806282726,35.23000000000002,,
2023-08-08,Bantargebang,Terra,37.56329842931939,35.63878892733568,,19.29000000000002
2023-08-10,Bantargebang,Terra,37.43178010471208,35.35000000000002,,
2023-08-12,Bantargebang,Terra,33.05000000000001,34.710000000000036,,
2023-08-13,Bantargebang,Terra,36.50727748691103,34.63768115942033,,
2023-08-14,Bantargebang,Terra,,,22.930000000000007,23.470000000000027
2023-08-15,Bantargebang,Terra,38.722879581151865,36.77000000000004,,
2023-08-16,Bantargebang,Terra,35.110000000000014,34.81,,
2023-08-17,Bantargebang,Terra,37.99167539267018,36.61000000000002,,24.49000000000001
2023-08-18,Bantargebang,Terra,35.69523560209425,36.23000000000002,,
2023-08-20,Bantargebang,Terra,38.71272251308903,36.870000000000005,,21.810000000000002
2023-08-22,Bantargebang,Terra,39.39513089005236,37.14333333333337,,25.350000000000023
2023-08-23,Bantargebang,Terra,,33.13000000000005,21.909371727748717,21.850000000000023
2023-08-24,Bantargebang,Terra,36.06842931937174,35.29771084337351,,24.03000000000003
2023-08-25,Bantargebang,Terra,38.42225130890054,36.42669394435353,,
2023-08-27,Bantargebang,Terra,32.25000000000006,31.890000000000043,22.119594594594627,23.850000000000023
2023-08-29,Bantargebang,Terra,37.426753926701586,36.110000000000014,22.506230366492193,22.810000000000002
2023-08-30,Bantargebang,Terra,33.47000000000003,33.99000000000001,22.906020942408386,23.590000000000032
2023-08-31,Bantargebang,Terra,35.84675392670159,35.77000000000004,23.75942408376969,24.510000000000048
2023-09-01,Bantargebang,Terra,38.98853403141365,36.59000000000003,23.510000000000048,23.670000000000016
2023-09-03,Bantargebang,Terra,39.47712041884819,37.98025125628143,23.38067567567572,24.250000000000057
2023-09-05,Bantargebang,Terra,38.720680628272284,37.650000000000034,,24.03000000000003
2023-09-06,Bantargebang,Terra,38.8020418848168,37.19705394190876,,
2023-09-08,Bantargebang,Terra,35.75921465968589,34.670000000000016,24.870000000000005,24.27000000000004
2023-09-10,Bantargebang,Terra,38.21732984293196,36.370000000000005,,23.610000000000014
2023-09-11,Bantargebang,Terra,38.65282722513092,36.760324675324725,,24.590000000000032
2023-09-12,Bantargebang,Terra,38.54570680628275,38.350000000000016,,24.57000000000005
2023-09-13,Bantargebang,Terra,42.73502617801049,41.14749019607847,23.46654450261782,23.29000000000002
2023-09-15,Bantargebang,Terra,42.31471204188484,40.170000000000016,,25.150000000000034
2023-09-16,Bantargebang,Terra,36.83104712041885,36.31,22.416276595744687,22.170000000000016
2023-09-18,Bantargebang,Terra,39.63628272251311,38.42404000000001,,24.410000000000025
2023-09-20,Bantargebang,Terra,37.03000000000001,37.70041353383463,,25.730000000000018
2023-09-22,Bantargebang,Terra,41.822565445026214,41.05000000000001,22.802984293193727,22.82000000000002
2023-09-25,Bantargebang,Terra,45.073036649214686,43.03000000000003,,26.190000000000055
2023-09-27,Bantargebang,Terra,44.53869109947645,42.83000000000004,24.870000000000005,25.870000000000005
2023-09-28,Bantargebang,Terra,40.493246073298465,39.81000000000001,23.593141361256578,24.010000000000044
2023-09-29,Bantargebang,Terra,40.48769633507855,39.89000000000004,,25.970000000000027
2023-10-02,Bantargebang,Terra,35.63429319371731,35.170000000000016,,
2023-10-04,Bantargebang,Terra,39.84539267015711,38.79000000000002,,26.470000000000027
2023-10-06,Bantargebang,Terra,,,24.916073298429342,24.390000000000043
2023-10-07,Bantargebang,Terra,37.97188481675396,38.76133333333338,,25.29000000000002
2023-10-09,Bantargebang,Terra,41.62801047120423,39.75813953488377,,
2023-10-12,Bantargebang,Terra,42.407696335078555,40.420000000000016,,
2023-10-14,Bantargebang,Terra,36.57000000000005,36.93000000000001,,
2023-10-16,Bantargebang,Terra,42.0108376963351,40.63000000000006,,25.810000000000002
2023-10-17,Bantargebang,Terra,44.312094240837716,42.75000000000006,,
2023-10-19,Bantargebang,Terra,39.59900523560211,38.870000000000005,,
2023-10-21,Bantargebang,Terra,44.45785340314138,43.190000000000055,,
2023-10-23,Bantargebang,Terra,38.28026178010473,37.110000000000014,,
2023-10-24,Bantargebang,Terra,38.38455497382202,39.150000000000034,,
2023-10-25,Bantargebang,Terra,,,23.53356020942411,23.55000000000001
2023-10-26,Bantargebang,Terra,41.221832460733026,39.29000000000002,,26.27000000000004
2023-10-28,Bantargebang,Terra,41.084450261780155,40.150000000000034,,26.230000000000018
2023-10-29,Bantargebang,Terra,43.21314136125657,41.710000000000036,,26.010000000000048
2023-10-30,Bantargebang,Terra,35.88099476439791,35.81,,24.190000000000055
2023-10-31,Bantargebang,Terra,37.631465968586404,39.150000000000034,,
2023-11-07,Bantargebang,Terra,36.918900523560225,35.39000000000004,,23.390000000000043
2023-11-12,Bantargebang,Terra,40.46361256544503,38.31,,22.950000000000045
2023-11-17,Bantargebang,Terra,,35.710000000000036,22.913664921465976,22.930000000000007
2023-11-19,Bantargebang,Terra,39.557958115183254,38.29000000000002,,
2023-12-11,Bantargebang,Terra,37.18832460732988,36.01000000000005,,
2023-12-14,Bantargebang,Terra,36.77565445026182,36.25000000000006,,
2023-12-18,Bantargebang,Terra,37.37553191489365,36.210000000000036,,25.57000000000005
2023-12-19,Bantargebang,Terra,33.25408376963356,33.35000000000002,,
2023-12-20,Bantargebang,Terra,41.48340314136128,40.73000000000002,,27.310000000000002
2023-12-21,Bantargebang,Terra,41.45795811518328,39.39000000000004,23.982670157068103,23.590000000000032
2024-01-23,Bantargebang,Terra,,,23.02434554973825,23.930000000000007
2024-02-12,Bantargebang,Terra,,,24.173874345549777,24.390000000000043
2024-03-19,Bantargebang,Terra,38.06675392670159,36.47000000000003,24.83000000000004,24.670000000000016
2024-03-20,Bantargebang,Terra,35.24277486910997,35.35000000000002,,
2024-03-21,Bantargebang,Terra,,31.57000000000005,24.20298429319377,24.230000000000018
2024-03-24,Bantargebang,Terra,35.94528795811523,34.81,,
2024-04-22,Bantargebang,Terra,36.108219895288,34.93000000000001,25.297978723404295,25.210000000000036
2024-04-29,Bantargebang,Terra,,29.170000000000016,24.430000000000007,25.870000000000005
2024-05-04,Bantargebang,Terra,36.520680628272274,34.55000000000001,,
2024-05-07,Bantargebang,Terra,36.673350785340325,35.30333333333334,,21.750000000000057
2024-05-09,Bantargebang,Terra,37.39031413612567,35.29000000000002,,24.57000000000005
2024-05-19,Bantargebang,Terra,35.11973821989534,34.170000000000016,,
2024-05-26,Bantargebang,Terra,,,23.710000000000036,24.170000000000016
2024-05-28,Bantargebang,Terra,34.31848167539272,33.670000000000016,,
2024-05-31,Bantargebang,Terra,34.959738219895335,33.39000000000004,,26.010000000000048
2024-06-07,Bantargebang,Terra,37.16068062827229,35.58572580645165,,25.750000000000057
2024-06-17,Bantargebang,Terra,33.07000000000005,32.85000000000002,,23.77000000000004
2024-06-19,Bantargebang,Terra,34.62256544502621,33.42352887259396,23.83000000000004,23.930000000000007
2024-06-20,Bantargebang,Terra,,,23.048638743455513,22.810000000000002
2024-06-21,Bantargebang,Terra,,,21.66884816753929,21.750000000000057
2024-06-26,Bantargebang,Terra,,29.910000000000025,24.15408376963355,24.110000000000014
2024-07-11,Bantargebang,Terra,33.957539267015754,32.670000000000016,24.500680628272274,23.79000000000002
2024-07-12,Bantargebang,Terra,31.47921465968589,31.33000000000004,22.98507853403144,22.83000000000004
2024-07-13,Bantargebang,Terra,33.06560209424089,32.07000000000005,,23.470000000000027
2024-07-14,Bantargebang,Terra,26.390000000000043,25.910000000000025,,23.250000000000057
2024-07-16,Bantargebang,Terra,34.99251308900526,33.53000000000003,,24.610000000000014
2024-07-18,Bantargebang,Terra,,,24.41963350785343,24.110000000000014
2024-07-21,Bantargebang,Terra,34.99879581151837,33.57449848024321,,
2024-07-24,Bantargebang,Terra,32.16821989528799,32.39000000000004,,
2024-07-26,Bantargebang,Terra,34.989371727748704,33.69000000000006,,20.49000000000001
2024-07-28,Bantargebang,Terra,34.637958115183295,33.29000000000002,,23.55000000000001
2024-07-29,Bantargebang,Terra,33.950104712041885,33.01000000000005,22.095445026178037,21.450000000000045
2024-07-30,Bantargebang,Terra,32.49000000000001,32.53000000000003,,25.310000000000002
2024-07-31,Bantargebang,Terra,36.81806282722517,35.13000000000005,,25.470000000000027
2024-08-02,Bantargebang,Terra,35.40696335078537,33.49000000000001,,
2024-08-04,Bantargebang,Terra,32.670314136125704,32.43000000000001,,
2024-08-05,Bantargebang,Terra,32.99324607329846,31.63721804511283,,18.390000000000043
2024-08-09,Bantargebang,Terra,35.09020942408378,34.08422594142264,24.610000000000014,25.390000000000043
2024-08-10,Bantargebang,Terra,32.27000000000004,32.27000000000004,,
2024-08-12,Bantargebang,Terra,35.517120418848194,33.58158415841588,23.03287234042557,23.05000000000001
2024-08-14,Bantargebang,Terra,35.95031413612568,34.52334306569347,,24.650000000000034
2024-08-19,Bantargebang,Terra,37.80696335078536,36.55000000000001,23.83000000000004,25.090000000000032
2024-08-20,Bantargebang,Terra,33.38643979057593,32.99000000000001,,23.170000000000016
2024-08-21,Bantargebang,Terra,33.27837696335083,32.99000000000001,,
2024-08-24,Bantargebang,Terra,35.960680628272264,34.09000000000003,,
2024-08-26,Bantargebang,Terra,36.46780104712045,35.170000000000016,,25.05000000000001
2024-08-29,Bantargebang,Terra,38.923507853403166,36.99000000000001,,
2024-08-31,Bantargebang,Terra,,,22.470000000000027,25.150000000000034
2024-09-01,Bantargebang,Terra,34.89914893617025,34.01000000000005,,
2024-09-03,Bantargebang,Terra,34.01994764397909,35.29000000000002,23.789371727748733,23.49000000000001
2024-09-05,Bantargebang,Terra,38.50675392670159,36.70262376237628,24.37695652173917,24.510000000000048
2024-09-07,Bantargebang,Terra,36.045392670157106,35.33000000000004,,
2024-09-08,Bantargebang,Terra,39.19439790575922,37.89000000000004,,
2024-09-13,Bantargebang,Terra,34.214712041884866,33.57000000000005,,
2024-09-15,Bantargebang,Terra,37.95513089005237,36.039440993788844,,
2024-09-16,Bantargebang,Terra,35.32434554973824,33.27000000000004,,
2024-09-17,Bantargebang,Terra,38.88685863874347,37.89000000000004,,
2024-09-18,Bantargebang,Terra,38.34979057591624,36.97516194331986,,
2024-09-20,Bantargebang,Terra,38.86748691099477,36.81,24.110531914893635,23.890000000000043
2024-09-25,Bantargebang,Terra,36.477539267015736,34.83000000000004,,
2024-09-27,Bantargebang,Terra,36.539842931937194,35.33000000000004,,
2024-09-30,Bantargebang,Terra,38.62130890052357,36.58655844155848,,
2024-10-07,Bantargebang,Terra,38.913246073298446,36.670000000000016,,
2024-10-09,Bantargebang,Terra,38.26099476439795,36.9823936816525,23.927172774869142,24.710000000000036
2024-10-19,Bantargebang,Terra,39.53879581151835,38.29447058823531,22.575863874345583,23.110000000000014
2024-10-22,Bantargebang,Terra,36.80947643979059,35.204414019715266,,
2024-10-24,Bantargebang,Terra,32.78310810810813,35.670000000000016,,
2024-10-26,Bantargebang,Terra,38.78193717277491,38.190000000000055,24.376956521739167,24.310000000000002
2024-10-27,Bantargebang,Terra,38.537329842931946,36.910000000000025,,26.33000000000004
2024-10-29,Bantargebang,Terra,,,24.491621621621636,24.950000000000045
2024-11-08,Bantargebang,Terra,35.53691099476442,34.89000000000005,,25.03000000000003
2024-11-13,Bantargebang,Terra,36.3729319371728,35.450000000000045,,
2025-03-31,Bantargebang,Terra,,,22.410000000000025,23.03000000000003
2025-04-25,Bantargebang,Terra,30.970000000000027,30.57000000000005,,
2025-04-27,Bantargebang,Terra,34.41712041884818,32.89000000000004,,
2025-04-30,Bantargebang,Terra,34.97439790575918,33.47000000000003,24.250000000000057,24.350000000000023
2025-05-05,Bantargebang,Terra,32.99000000000001,32.03000000000003,,
2025-05-07,Bantargebang,Terra,33.91000000000001,32.650000000000034,,
2025-05-30,Bantargebang,Terra,32.28319371727753,31.77000000000004,,
2025-06-03,Bantargebang,Terra,,,24.494607329842943,25.150000000000034
2025-06-04,Bantargebang,Terra,33.01000000000005,32.05000000000001,,
2025-06-08,Bantargebang,Terra,30.798272251308937,30.51000000000005,,
2025-06-11,Bantargebang,Terra,29.710000000000036,29.650000000000034,,24.350000000000023
2025-06-16,Bantargebang,Terra,32.396170212765995,31.93000000000001,,
2025-06-26,Bantargebang,Terra,34.252827225130936,32.51000000000005,,
2025-07-06,Bantargebang,Terra,31.663926701570713,30.525937500000033,,
2025-07-10,Bantargebang,Terra,,,22.674459459459477,23.590000000000032
2025-07-13,Bantargebang,Terra,32.17617801047123,31.450000000000045,,
2025-07-19,Bantargebang,Terra,31.367172774869115,30.370000000000005,,
2025-07-20,Bantargebang,Terra,,,24.10277486910996,23.610000000000014
2025-07-21,Bantargebang,Terra,33.04968586387438,31.861428571428583,,23.250000000000057
2025-07-23,Bantargebang,Terra,30.122340425531945,29.27000000000004,,25.29000000000002
2025-07-24,Bantargebang,Terra,31.192617801047156,30.590000000000032,20.190000000000055,21.07000000000005
2025-07-26,Bantargebang,Terra,33.22172774869112,32.13000000000005,,25.510000000000048
2025-07-27,Bantargebang,Terra,,,20.577120418848207,20.810000000000002
2025-07-28,Bantargebang,Terra,,31.55000000000001,23.090000000000032,23.650000000000034
2025-07-31,Bantargebang,Terra,33.170000000000016,31.910000000000025,23.03202702702706,23.610000000000014
2025-08-02,Bantargebang,Terra,33.90120418848172,32.69119218910591,,25.170000000000016
2025-08-07,Bantargebang,Terra,32.89785340314139,31.650000000000034,,
2025-08-10,Bantargebang,Terra,33.103821989528825,32.074469763365514,,
2025-08-15,Bantargebang,Terra,32.20654450261784,31.264309859154974,,22.29000000000002
2025-08-17,Bantargebang,Terra,31.905183246073317,31.416112026359162,,
2025-08-22,Bantargebang,Terra,32.74057591623038,31.79915619389588,,24.210000000000036
2025-08-24,Bantargebang,Terra,,,22.75081081081087,22.910000000000025
2025-08-26,Bantargebang,Terra,30.374574468085118,30.370000000000005,,25.57000000000005
2025-08-27,Bantargebang,Terra,34.19795811518329,32.360000000000014,,
2025-08-30,Bantargebang,Terra,33.99000000000001,31.230000000000018,,
2025-09-01,Bantargebang,Terra,32.740575916230426,32.03000000000002,22.312432432432438,22.99000000000001
2025-09-04,Bantargebang,Terra,34.01851063829788,32.49000000000001,,
2025-09-06,Bantargebang,Terra,35.03837696335083,33.650000000000034,,
2025-09-20,Bantargebang,Terra,,,21.979947643979088,22.49000000000001
2025-09-23,Bantargebang,Terra,,28.690000000000055,24.182565445026228,24.210000000000036
2025-09-24,Bantargebang,Terra,35.67345549738225,34.47000000000003,,
2025-10-01,Bantargebang,Terra,34.370000000000005,31.930000000000007,,
2025-10-04,Bantargebang,Terra,36.06539267015711,34.63000000000005,,20.910000000000025
2025-10-06,Bantargebang,Terra,37.503089005235616,35.81,,25.350000000000023
2025-10-08,Bantargebang,Terra,35.95178010471206,34.75000000000006,,
2025-10-09,Bantargebang,Terra,35.10497382198957,34.203333333333376,,
2026-03-12,Bantargebang,Terra,33.127591623036665,31.79000000000002,,
2026-03-15,Bantargebang,Terra,32.09000000000003,30.690000000000055,,
2026-03-17,Bantargebang,Terra,34.79178010471206,32.07000000000005,,25.77000000000004
2026-03-20,Bantargebang,Terra,34.100890052356064,32.450000000000045,,
2026-04-16,Bantargebang,Terra,31.03000000000003,30.390000000000043,,
2026-04-19,Bantargebang,Terra,33.81617801047123,31.80333333333334,,
2026-04-23,Bantargebang,Terra,,,24.573979057591654,24.450000000000045
2026-04-26,Bantargebang,Terra,34.210000000000036,31.450000000000045,24.611621621621637,24.630000000000052
2026-04-29,Bantargebang,Terra,32.85000000000002,31.970000000000027,,
2026-05-06,Bantargebang,Terra,30.950000000000045,29.49000000000001,,25.510000000000048
2026-05-09,Bantargebang,Terra,34.22937172774872,32.370000000000005,,
2026-05-13,Bantargebang,Terra,,,21.602879581151875,24.390000000000043
2026-05-19,Bantargebang,Terra,32.89345549738224,31.83000000000004,,
2026-05-21,Bantargebang,Terra,30.502670157068092,29.976614173228366,,
2026-05-24,Bantargebang,Terra,30.715744680851078,30.210000000000033,,
2026-05-26,Bantargebang,Terra,30.75827225130894,30.21000000000004,,24.53000000000003
2026-05-27,Bantargebang,Terra,30.259424083769666,29.30000000000001,22.754324324324344,23.610000000000014
2026-05-29,Bantargebang,Terra,32.57094240837698,31.35241379310347,,24.890000000000043
2026-06-05,Bantargebang,Terra,,,25.92391891891893,25.83000000000004
2026-06-08,Bantargebang,Terra,32.14895287958117,31.150000000000034,,26.130000000000052
2026-06-10,Bantargebang,Terra,30.554083769633518,30.03000000000003,,25.870000000000005
2026-06-11,Bantargebang,Terra,31.44445026178013,30.850000000000023,23.646335078534086,22.670000000000016
2026-06-16,Bantargebang,Terra,,31.05000000000001,24.610000000000014,24.630000000000052
2026-06-17,Bantargebang,Terra,,,23.79104712041889,24.630000000000052
2026-06-18,Bantargebang,Terra,31.939109947644017,30.750000000000057,,26.250000000000057
2026-06-19,Bantargebang,Terra,31.32392670157069,31.33000000000004,,
2026-06-25,Bantargebang,Terra,,,23.564764397905797,23.410000000000025
2026-06-26,Bantargebang,Terra,29.193664921466006,28.610000000000017,,25.010000000000048
2026-06-28,Bantargebang,Terra,31.129267015706834,29.570000000000054,23.752978723404294,24.130000000000052
2026-07-01,Bantargebang,Terra,32.26078534031416,31.17000000000002,,24.170000000000016
2026-07-02,Bantargebang,Terra,,,19.670000000000016,20.470000000000027
2026-07-03,Bantargebang,Terra,28.728534031413663,27.05000000000001,,25.630000000000052
2026-07-06,Bantargebang,Terra,31.495445026178025,30.650000000000034,,24.390000000000043
2026-07-08,Bantargebang,Terra,31.022565445026192,29.630000000000052,,21.630000000000052
2026-07-09,Bantargebang,Terra,29.539109947644,29.190000000000055,,
2026-07-10,Bantargebang,Terra,30.288534031413647,29.450000000000045,,23.930000000000007
2026-07-11,Bantargebang,Terra,31.720994764397943,30.430000000000007,,18.430000000000007
2026-07-13,Bantargebang,Terra,30.16214659685865,29.450000000000045,,25.630000000000052
2026-07-14,Bantargebang,Terra,29.601937172774907,28.87,,
2026-07-17,Bantargebang,Terra,,,24.630000000000052,24.450000000000045
2026-07-18,Bantargebang,Terra,30.426439790575923,29.850000000000023,,18.77000000000004
2026-07-23,Bantargebang,Terra,31.006020942408394,29.730000000000018,22.15297297297299,24.250000000000057
2026-07-24,Bantargebang,Terra,29.66979057591626,29.190000000000055,,
2026-07-26,Bantargebang,Terra,31.614188481675402,30.410000000000025,,23.57000000000005
2026-07-29,Bantargebang,Terra,28.635549738219904,28.710000000000036,,
2026-08-01,Bantargebang,Terra,,,24.89956521739133,24.950000000000045
2026-08-02,Bantargebang,Terra,31.29649214659689,30.07000000000005,,26.410000000000025
2026-08-04,Bantargebang,Terra,,,21.2475916230367,21.850000000000023
2026-08-06,Bantargebang,Terra,,,24.392722513089037,24.07000000000005
2026-08-07,Bantargebang,Terra,31.63136125654455,30.470000000000027,24.732198952879617,24.050000000000015
2026-08-08,Bantargebang,Terra,31.587486910994794,30.750000000000057,,22.210000000000036
2026-08-09,Bantargebang,Terra,,,23.46085106382981,23.310000000000002
2026-08-10,Bantargebang,Terra,32.55806282722516,31.110000000000014,,22.350000000000023
2026-08-12,Bantargebang,Terra,31.22183246073301,30.130000000000052,,26.07000000000005
2026-08-13,Bantargebang,Terra,32.021937172774884,31.350000000000023,,
2026-08-17,Bantargebang,Terra,32.224554973822016,31.130000000000052,,22.950000000000045
2026-08-18,Bantargebang,Terra,,,18.18298429319375,18.010000000000048
2026-08-21,Bantargebang,Terra,,,24.05000000000001,24.370000000000005
2026-08-22,Bantargebang,Terra,32.36005235602095,31.210000000000036,,24.710000000000036
2026-08-23,Bantargebang,Terra,,30.310000000000002,23.951216216216263,24.010000000000048
2026-08-25,Bantargebang,Terra,33.867068062827244,32.33000000000004,,26.350000000000023
2026-08-27,Bantargebang,Terra,32.203821989528834,31.250000000000057,,23.07000000000005
2026-08-28,Bantargebang,Terra,32.08853403141366,31.03000000000003,,
2026-08-30,Bantargebang,Terra,32.46780104712047,31.25000000000006,,
2026-09-01,Bantargebang,Terra,32.77900523560213,31.89000000000004,,
2026-09-03,Bantargebang,Terra,30.65764397905761,30.450000000000045,,21.850000000000023
2026-09-06,Bantargebang,Terra,33.115026178010524,31.630000000000052,24.656282722513115,24.130000000000052
2026-09-07,Bantargebang,Terra,33.25879581151836,32.51000000000005,,
2026-09-09,Bantargebang,Terra,31.809371727748697,31.53000000000003,21.729565217391336,24.190000000000055
2026-09-11,Bantargebang,Terra,31.877748691099498,31.250000000000057,,26.670000000000016
2026-09-14,Bantargebang,Terra,36.087696335078576,34.51000000000005,,25.450000000000045
2026-09-16,Bantargebang,Terra,34.54298429319376,32.590000000000025,25.390000000000043,25.250000000000057
2026-09-21,Bantargebang,Terra,,,21.96801047120422,23.850000000000023
2026-09-23,Bantargebang,Terra,,,21.370000000000005,22.910000000000025
2019-01-03,Bantargebang,Aqua,,,21.481756756756784,21.910000000000025
2019-02-18,Bantargebang,Aqua,,,23.276282722513127,23.33000000000004
2019-02-26,Bantargebang,Aqua,39.88078534031416,38.950000000000045,,
2019-03-20,Bantargebang,Aqua,,,20.74797297297303,22.010000000000048
2019-03-24,Bantargebang,Aqua,,,22.562565445026213,23.090000000000032
2019-04-05,Bantargebang,Aqua,,,22.21157068062831,23.210000000000036
2019-05-24,Bantargebang,Aqua,37.37450261780107,35.25000000000006,,
2019-05-26,Bantargebang,Aqua,39.13952879581155,38.43000000000001,17.57000000000005,19.83000000000004
2019-05-28,Bantargebang,Aqua,38.30074468085109,37.690000000000055,,24.610000000000014
2019-06-05,Bantargebang,Aqua,,,21.891675392670177,22.090000000000032
2019-06-06,Bantargebang,Aqua,35.690000000000055,35.75000000000006,21.73527027027029,22.230000000000018
2019-06-09,Bantargebang,Aqua,38.367978723404285,36.89000000000004,,
2019-06-11,Bantargebang,Aqua,40.934607329842954,38.77000000000004,,
2019-06-13,Bantargebang,Aqua,39.308952879581156,38.25000000000006,22.27000000000004,22.750000000000057
2019-06-18,Bantargebang,Aqua,37.5632984293194,37.14293072824161,,22.510000000000048
2019-06-20,Bantargebang,Aqua,41.237329842931956,39.09848739495801,22.413350785340352,21.870000000000005
2019-06-23,Bantargebang,Aqua,,,23.09062827225134,23.27000000000004
2019-06-24,Bantargebang,Aqua,36.09000000000003,35.610000000000014,,23.630000000000052
2019-06-25,Bantargebang,Aqua,38.77073298429325,38.540059171597655,,
2019-06-27,Bantargebang,Aqua,37.72172774869112,38.09000000000003,23.250000000000057,23.450000000000045
2019-06-29,Bantargebang,Aqua,41.99900523560212,40.05000000000001,,
2019-07-01,Bantargebang,Aqua,37.41575916230368,36.9751671732523,,
2019-07-04,Bantargebang,Aqua,38.36837837837839,38.210000000000036,,
2019-07-06,Bantargebang,Aqua,33.370000000000005,36.83000000000004,,22.970000000000027
2019-07-08,Bantargebang,Aqua,38.41243243243246,38.57000000000005,,23.370000000000005
2019-07-09,Bantargebang,Aqua,,,21.69827225130895,21.570000000000046
2019-07-10,Bantargebang,Aqua,34.89000000000004,35.29000000000002,,22.83000000000004
2019-07-11,Bantargebang,Aqua,38.009267015706826,38.03000000000003,,
2019-07-13,Bantargebang,Aqua,,37.55000000000001,23.345497382198978,23.090000000000032
2019-07-14,Bantargebang,Aqua,,,21.95324324324329,20.970000000000027
2019-07-15,Bantargebang,Aqua,39.22162303664922,36.870000000000005,,22.870000000000005
2019-07-17,Bantargebang,Aqua,38.20675392670161,38.14000000000004,,20.130000000000052
2019-07-18,Bantargebang,Aqua,39.76790575916232,38.910000000000025,,
2019-07-22,Bantargebang,Aqua,39.96229729729733,37.7033858267717,,
2019-07-24,Bantargebang,Aqua,41.86727748691101,40.210000000000036,,21.57000000000005
2019-07-27,Bantargebang,Aqua,38.84329842931939,38.150000000000034,,
2019-07-29,Bantargebang,Aqua,38.989371727748704,38.79000000000002,19.950000000000045,21.07000000000005
2019-07-31,Bantargebang,Aqua,43.9605759162304,42.190000000000055,,23.610000000000014
2019-08-04,Bantargebang,Aqua,39.50455497382203,38.77000000000004,22.829057591623055,23.650000000000034
2019-08-05,Bantargebang,Aqua,40.99774869109951,36.670000000000016,,18.850000000000023
2019-08-12,Bantargebang,Aqua,36.11649214659691,37.39000000000004,,
2019-08-14,Bantargebang,Aqua,,,18.151570680628314,16.470000000000027
2019-08-17,Bantargebang,Aqua,,,22.562670157068094,22.390000000000043
2019-08-18,Bantargebang,Aqua,42.34235602094243,41.29000000000002,,22.710000000000036
2019-08-19,Bantargebang,Aqua,40.56246073298432,39.85000000000002,,
2019-08-21,Bantargebang,Aqua,44.019109947644004,43.07853932584273,,
2019-08-23,Bantargebang,Aqua,42.057958115183276,41.08055900621122,,23.170000000000016
2019-08-29,Bantargebang,Aqua,,,22.450000000000045,23.090000000000032
2019-08-30,Bantargebang,Aqua,43.93649214659687,42.36388571428572,21.930810810810822,22.110000000000014
2019-09-01,Bantargebang,Aqua,41.88727748691104,40.42811722912967,,
2019-09-03,Bantargebang,Aqua,,,22.713769633507862,23.730000000000018
2019-09-05,Bantargebang,Aqua,,,21.085078534031442,21.670000000000016
2019-09-08,Bantargebang,Aqua,42.891216216216264,41.59000000000003,,22.79000000000002
2019-09-09,Bantargebang,Aqua,,,21.777015706806328,21.910000000000025
2019-09-10,Bantargebang,Aqua,44.37670157068066,43.77000000000004,,22.53000000000003
2019-09-11,Bantargebang,Aqua,45.412303664921474,44.59000000000003,19.97596858638747,20.79000000000002
2019-09-12,Bantargebang,Aqua,,,17.350000000000023,18.03000000000003
2019-09-13,Bantargebang,Aqua,39.41106382978727,38.01000000000005,,
2019-09-15,Bantargebang,Aqua,43.90811518324609,40.59000000000004,,
2019-09-19,Bantargebang,Aqua,39.85000000000002,39.35000000000002,24.150000000000034,24.650000000000034
2019-09-20,Bantargebang,Aqua,41.019109947644026,39.98000000000002,,
2019-09-22,Bantargebang,Aqua,46.700052356020954,45.110000000000014,20.77000000000004,20.77000000000004
2019-09-24,Bantargebang,Aqua,42.63837696335082,40.71000000000004,22.859109947644026,23.130000000000052
2019-09-26,Bantargebang,Aqua,43.725916230366515,42.83000000000004,,19.210000000000036
2019-09-29,Bantargebang,Aqua,42.91544502617804,42.09000000000003,,
2019-10-01,Bantargebang,Aqua,43.64026178010472,42.610000000000014,,
2019-10-04,Bantargebang,Aqua,42.51083769633512,42.55000000000001,22.664554973822007,22.99000000000001
2019-10-05,Bantargebang,Aqua,45.277120418848206,44.03000000000003,,23.750000000000057
2019-10-06,Bantargebang,Aqua,45.381308900523585,44.700000000000045,,
2019-10-07,Bantargebang,Aqua,,,21.89303664921467,21.730000000000015
2019-10-08,Bantargebang,Aqua,44.48350785340319,43.43000000000001,,21.150000000000034
2019-10-09,Bantargebang,Aqua,,,22.722460732984334,22.970000000000027
2019-10-14,Bantargebang,Aqua,,,23.88518324607331,24.170000000000016
2019-10-16,Bantargebang,Aqua,,,23.4126086956522,23.510000000000048
2019-10-17,Bantargebang,Aqua,42.650000000000034,40.57956848030023,,21.870000000000005
2019-10-20,Bantargebang,Aqua,36.70947643979063,38.73000000000002,,24.250000000000057
2019-10-22,Bantargebang,Aqua,45.825497382198975,45.53000000000003,,
2019-10-24,Bantargebang,Aqua,43.85827225130892,43.480897435897454,,
2019-10-26,Bantargebang,Aqua,40.386649214659734,41.370000000000005,,
2019-10-28,Bantargebang,Aqua,,,22.499633507853414,22.590000000000032
2019-10-30,Bantargebang,Aqua,42.22455497382201,40.73000000000002,,24.750000000000057
2019-10-31,Bantargebang,Aqua,38.190000000000055,40.870000000000005,,
2019-11-07,Bantargebang,Aqua,39.46842931937175,39.29961661341855,,
2019-11-10,Bantargebang,Aqua,,,24.05000000000001,23.870000000000005
2019-11-11,Bantargebang,Aqua,41.26151832460736,38.57000000000005,,
2019-11-16,Bantargebang,Aqua,45.272198952879606,44.08000000000004,,
2019-11-18,Bantargebang,Aqua,,,22.161518324607364,22.670000000000016
2019-11-19,Bantargebang,Aqua,,,23.368324607329885,23.470000000000027
2019-11-26,Bantargebang,Aqua,,,23.910418848167588,23.930000000000007
2019-11-27,Bantargebang,Aqua,,,19.244136125654492,22.010000000000048
2019-11-28,Bantargebang,Aqua,,,22.795863874345574,23.190000000000055
2019-12-10,Bantargebang,Aqua,,,22.884240837696368,23.33000000000004
2020-01-14,Bantargebang,Aqua,41.15627659574469,37.59000000000003,,
2020-05-23,Bantargebang,Aqua,38.95827225130892,38.19468468468474,,24.03000000000003
2020-06-13,Bantargebang,Aqua,36.85095744680856,35.55000000000001,,
2020-06-25,Bantargebang,Aqua,,,18.510000000000048,19.110000000000014
2020-06-26,Bantargebang,Aqua,,32.690000000000055,22.158272251308933,23.05000000000001
2020-06-29,Bantargebang,Aqua,37.15282722513092,36.410000000000025,22.16712765957452,22.650000000000038
2020-07-01,Bantargebang,Aqua,40.70287958115185,38.370000000000005,,
2020-07-05,Bantargebang,Aqua,,,21.410000000000025,21.670000000000044
2020-07-08,Bantargebang,Aqua,39.27073298429321,37.83000000000004,,
2020-07-11,Bantargebang,Aqua,,,21.886544502617824,20.29000000000002
2020-07-17,Bantargebang,Aqua,35.76085106382982,36.25000000000006,18.99000000000001,20.890000000000043
2020-07-21,Bantargebang,Aqua,,,23.50769633507857,23.350000000000023
2020-07-24,Bantargebang,Aqua,40.548534031413624,37.25692307692313,,
2020-07-26,Bantargebang,Aqua,,30.57000000000005,20.34947643979061,19.730000000000018
2020-07-27,Bantargebang,Aqua,38.84591623036653,38.410000000000025,,16.110000000000014
2020-07-31,Bantargebang,Aqua,37.93000000000001,37.23000000000002,,
2020-08-02,Bantargebang,Aqua,37.98086956521739,38.610000000000014,,
2020-08-09,Bantargebang,Aqua,40.05973821989534,37.27000000000004,,21.090000000000032
2020-08-16,Bantargebang,Aqua,39.8364921465969,39.28427609427612,,
2020-09-10,Bantargebang,Aqua,,,21.60172774869115,21.450000000000045
2020-09-12,Bantargebang,Aqua,42.74905405405408,37.83000000000004,,24.77000000000004
2020-09-17,Bantargebang,Aqua,40.42602094240842,37.35000000000002,,
2020-09-18,Bantargebang,Aqua,,,22.389685863874384,22.610000000000014
2020-09-19,Bantargebang,Aqua,42.34664921465971,40.47000000000003,,
2020-09-23,Bantargebang,Aqua,,,24.150000000000034,24.390000000000043
2020-09-24,Bantargebang,Aqua,39.32424083769635,39.710000000000036,,
2020-09-27,Bantargebang,Aqua,,,21.326335078534058,21.450000000000045
2020-09-28,Bantargebang,Aqua,41.64755319148941,39.170000000000016,,
2020-10-07,Bantargebang,Aqua,,,23.166439790575946,22.910000000000025
2020-10-12,Bantargebang,Aqua,,,21.615863874345568,21.370000000000005
2020-10-14,Bantargebang,Aqua,42.327553191489415,39.85000000000002,,
2020-11-07,Bantargebang,Aqua,,,21.937958115183264,22.090000000000032
2020-11-11,Bantargebang,Aqua,40.62627659574473,38.89000000000004,,
2020-11-12,Bantargebang,Aqua,,,22.08319371727749,23.150000000000034
2020-11-13,Bantargebang,Aqua,41.29659685863878,39.798156424581016,,
2021-03-28,Bantargebang,Aqua,42.518376963350825,41.09000000000003,,
2021-04-22,Bantargebang,Aqua,40.13468085106386,37.52000000000004,,
2021-05-09,Bantargebang,Aqua,,,18.99000000000001,22.090000000000032
2021-05-10,Bantargebang,Aqua,37.531570680628285,36.03000000000003,,21.99000000000001
2021-05-11,Bantargebang,Aqua,,,17.629267015706837,21.33000000000004
2021-05-15,Bantargebang,Aqua,38.58696335078538,37.910000000000025,,
2021-06-12,Bantargebang,Aqua,,,20.230000000000018,20.010000000000048
2021-06-25,Bantargebang,Aqua,38.68036649214663,35.13000000000005,,
2021-07-01,Bantargebang,Aqua,,,21.54204188481677,21.690000000000055
2021-07-03,Bantargebang,Aqua,,,22.450000000000045,22.870000000000005
2021-07-04,Bantargebang,Aqua,41.28235602094246,38.99000000000001,22.06507853403145,21.921607629427807
2021-07-05,Bantargebang,Aqua,,,22.58361256544504,22.710000000000036
2021-07-06,Bantargebang,Aqua,36.93000000000001,36.910000000000025,,23.53000000000003
2021-07-09,Bantargebang,Aqua,40.6431937172775,39.85000000000002,,
2021-07-10,Bantargebang,Aqua,,,22.20797297297301,22.250000000000057
2021-07-15,Bantargebang,Aqua,,,22.58175675675681,23.430000000000007
2021-07-16,Bantargebang,Aqua,38.54581151832466,38.170000000000016,,
2021-07-17,Bantargebang,Aqua,,,21.39117021276598,21.49000000000001
2021-07-18,Bantargebang,Aqua,41.886544502617845,39.450000000000045,,
2021-07-25,Bantargebang,Aqua,41.30246073298431,39.81,21.809371727748694,21.99000000000001
2021-07-27,Bantargebang,Aqua,41.82654450261782,40.58089743589748,,21.99000000000001
2021-07-29,Bantargebang,Aqua,39.08717277486913,37.610000000000014,21.182565445026192,22.510000000000048
2021-07-30,Bantargebang,Aqua,41.077329842931945,39.57000000000005,,17.53000000000003
2021-08-03,Bantargebang,Aqua,39.32780104712044,37.75000000000006,20.871675392670202,22.110000000000014
2021-08-06,Bantargebang,Aqua,,,21.091570680628305,21.53000000000003
2021-08-07,Bantargebang,Aqua,,,21.891216216216264,23.250000000000057
2021-08-12,Bantargebang,Aqua,41.000890052356056,38.97000000000003,,
2021-08-15,Bantargebang,Aqua,39.01000000000005,38.47000000000003,,
2021-08-16,Bantargebang,Aqua,37.0260209424084,36.650000000000034,,23.150000000000034
2021-08-17,Bantargebang,Aqua,39.25397905759165,38.27000000000004,,
2021-08-22,Bantargebang,Aqua,,,21.49000000000001,20.29000000000002
2021-08-23,Bantargebang,Aqua,35.81,37.650000000000034,,24.350000000000023
2021-08-26,Bantargebang,Aqua,41.31921465968588,39.49000000000001,,
2021-09-03,Bantargebang,Aqua,,,21.670000000000016,22.510000000000048
2021-09-04,Bantargebang,Aqua,37.27000000000004,38.93000000000001,,
2021-09-09,Bantargebang,Aqua,41.94455497382204,40.01000000000005,,
2021-09-17,Bantargebang,Aqua,,,23.023191489361743,23.510000000000048
2021-09-18,Bantargebang,Aqua,39.45608695652175,39.95000000000005,,
2021-09-19,Bantargebang,Aqua,,,23.01251308900525,23.390000000000043
2021-09-20,Bantargebang,Aqua,37.771081081081135,40.450000000000045,,22.450000000000045
2021-09-24,Bantargebang,Aqua,,,22.358085106382994,22.07000000000005
2021-09-28,Bantargebang,Aqua,,,21.99000000000001,22.230000000000018
2021-10-07,Bantargebang,Aqua,,,22.661623036649225,23.27000000000004
2021-10-15,Bantargebang,Aqua,,39.29000000000002,22.660890052356038,22.850000000000023
2022-04-29,Bantargebang,Aqua,,,23.810000000000002,23.890000000000043
2022-05-09,Bantargebang,Aqua,33.410000000000025,32.93000000000001,,
2022-06-10,Bantargebang,Aqua,39.51952879581153,37.09000000000003,,
2022-07-01,Bantargebang,Aqua,37.708534031413635,36.95661417322839,,
2022-07-07,Bantargebang,Aqua,,,23.211256544502653,24.210000000000036
2022-07-08,Bantargebang,Aqua,41.25565445026183,39.730000000000025,,
2022-07-10,Bantargebang,Aqua,,33.57000000000005,20.78026178010474,20.970000000000027
2022-07-18,Bantargebang,Aqua,,,20.7231937172775,22.130000000000052
2022-07-20,Bantargebang,Aqua,,,20.85148648648653,20.55000000000001
2022-07-21,Bantargebang,Aqua,38.52769633507854,38.27000000000004,,
2022-07-26,Bantargebang,Aqua,38.12748691099478,36.78742404227215,,
2022-07-30,Bantargebang,Aqua,,,23.187972972973032,23.33000000000004
2022-07-31,Bantargebang,Aqua,37.418900523560254,37.07000000000005,,
2022-08-01,Bantargebang,Aqua,,,22.96918918918922,23.190000000000055
2022-08-02,Bantargebang,Aqua,39.27175675675677,37.710000000000036,,
2022-08-08,Bantargebang,Aqua,39.721486486486505,37.75000000000006,22.868638743455527,23.470000000000027
2022-08-09,Bantargebang,Aqua,38.57837696335084,34.93000000000001,,18.390000000000043
2022-08-10,Bantargebang,Aqua,,,21.11387434554976,21.690000000000055
2022-08-11,Bantargebang,Aqua,40.110000000000014,38.950000000000045,23.476596858638782,23.590000000000032
2022-08-18,Bantargebang,Aqua,36.89973821989531,37.99000000000001,21.325602094240878,21.750000000000057
2022-08-22,Bantargebang,Aqua,,,23.670000000000016,23.83000000000004
2022-09-12,Bantargebang,Aqua,,,21.664240837696376,21.670000000000016
2022-09-19,Bantargebang,Aqua,39.12769633507855,38.09000000000003,,
2022-09-24,Bantargebang,Aqua,40.53931937172778,39.201099476439836,21.61188481675394,22.010000000000048
2023-05-16,Bantargebang,Aqua,,35.950000000000045,20.970000000000027,20.010000000000048
2023-05-22,Bantargebang,Aqua,,,22.912303664921474,23.130000000000052
2023-05-23,Bantargebang,Aqua,,,19.940471204188515,20.090000000000032
2023-05-24,Bantargebang,Aqua,,,23.135863874345556,23.250000000000057
2023-05-25,Bantargebang,Aqua,39.99952879581156,38.57000000000005,,
2023-05-31,Bantargebang,Aqua,,,23.126439790575958,23.05000000000001
2023-06-08,Bantargebang,Aqua,37.89986486486489,37.690000000000055,,
2023-06-09,Bantargebang,Aqua,,,19.531256544502646,20.350000000000023
2023-06-10,Bantargebang,Aqua,34.81,33.410000000000025,,24.510000000000048
2023-06-11,Bantargebang,Aqua,36.970418848167554,36.910000000000025,,
2023-06-13,Bantargebang,Aqua,,32.690000000000055,21.571047120418857,22.090000000000032
2023-06-20,Bantargebang,Aqua,34.95914893617025,38.05000000000001,,
2023-06-26,Bantargebang,Aqua,,,22.42120418848169,22.890000000000043
2023-06-27,Bantargebang,Aqua,36.101308900523584,35.89000000000004,,
2023-06-29,Bantargebang,Aqua,33.738167539267046,35.25000000000006,,
2023-07-03,Bantargebang,Aqua,,,21.470000000000027,22.07000000000005
2023-07-04,Bantargebang,Aqua,,,21.970628272251336,22.010000000000048
2023-07-13,Bantargebang,Aqua,,31.510000000000048,22.719109947643997,22.690000000000055
2023-07-18,Bantargebang,Aqua,40.44382198952883,39.610000000000014,20.32518324607333,20.870000000000005
2023-07-19,Bantargebang,Aqua,,,20.590000000000032,21.430000000000007
2023-07-20,Bantargebang,Aqua,,,19.55000000000001,21.210000000000036
2023-07-24,Bantargebang,Aqua,,,21.979528795811532,22.410000000000025
2023-07-26,Bantargebang,Aqua,,,21.03000000000003,21.670000000000016
2023-07-30,Bantargebang,Aqua,39.23554973821993,38.170000000000016,,
2023-07-31,Bantargebang,Aqua,,,21.638167539267055,22.010000000000048
2023-08-01,Bantargebang,Aqua,41.96643979057594,40.09000000000003,,
2023-08-04,Bantargebang,Aqua,39.33276595744683,38.39000000000004,,
2023-08-06,Bantargebang,Aqua,35.37178010471207,36.03000000000003,23.250000000000057,23.29000000000002
2023-08-08,Bantargebang,Aqua,38.655654450261814,37.29000000000002,22.510000000000048,22.510000000000048
2023-08-10,Bantargebang,Aqua,39.51701570680632,37.33000000000004,,23.910000000000025
2023-08-13,Bantargebang,Aqua,,,21.959842931937214,22.27000000000004
2023-08-16,Bantargebang,Aqua,,,20.170000000000016,20.33000000000004
2023-08-19,Bantargebang,Aqua,,,22.958062827225156,23.27000000000004
2023-08-20,Bantargebang,Aqua,,39.23000000000002,23.650000000000034,24.090000000000032
2023-08-22,Bantargebang,Aqua,40.79816753926703,38.450000000000045,22.490104712041923,22.810000000000002
2023-08-23,Bantargebang,Aqua,,,21.159319371727786,20.910000000000025
2023-08-24,Bantargebang,Aqua,39.66591623036653,39.27000000000004,,23.610000000000014
2023-08-25,Bantargebang,Aqua,39.36507853403144,38.610000000000014,,
2023-08-28,Bantargebang,Aqua,,,23.05000000000001,23.57000000000005
2023-08-29,Bantargebang,Aqua,36.765675675675695,37.23000000000002,,20.49000000000001
2023-08-30,Bantargebang,Aqua,35.09000000000003,37.410000000000025,,22.970000000000027
2023-08-31,Bantargebang,Aqua,37.90790575916235,37.51000000000005,,24.210000000000036
2023-09-01,Bantargebang,Aqua,38.524345549738264,37.36834532374102,,
2023-09-03,Bantargebang,Aqua,39.90937172774871,38.610000000000014,22.52675675675679,22.810000000000002
2023-09-05,Bantargebang,Aqua,42.82560209424085,41.99000000000001,,20.630000000000052
2023-09-06,Bantargebang,Aqua,40.41283783783786,40.03000000000003,21.828010471204202,21.29000000000002
2023-09-07,Bantargebang,Aqua,,,21.718586387434584,22.390000000000043
2023-09-08,Bantargebang,Aqua,41.15041884816757,39.860000000000014,,
2023-09-10,Bantargebang,Aqua,37.450000000000045,37.75000000000006,23.251256544502677,23.130000000000052
2023-09-12,Bantargebang,Aqua,43.8516753926702,42.97587326120558,,20.55000000000001
2023-09-13,Bantargebang,Aqua,,,19.22225130890055,18.690000000000055
2023-09-14,Bantargebang,Aqua,,,23.33914893617024,24.110000000000014
2023-09-15,Bantargebang,Aqua,40.06405405405409,41.55000000000001,,
2023-09-17,Bantargebang,Aqua,,36.49000000000001,22.170000000000016,21.53000000000003
2023-09-18,Bantargebang,Aqua,,,19.72225130890057,20.130000000000052
2023-09-22,Bantargebang,Aqua,45.8728272251309,43.49000000000001,22.05000000000001,22.210000000000036
2023-09-24,Bantargebang,Aqua,38.76078534031416,39.33000000000004,,
2023-09-26,Bantargebang,Aqua,42.97931937172779,41.87000000000001,,23.630000000000052
2023-09-27,Bantargebang,Aqua,43.3239267015707,42.89000000000004,,
2023-09-28,Bantargebang,Aqua,40.875759162303694,40.93000000000001,,24.27000000000004
2023-09-29,Bantargebang,Aqua,46.14005235602095,45.83000000000004,,
2023-09-30,Bantargebang,Aqua,,,23.03000000000003,23.310000000000002
2023-10-01,Bantargebang,Aqua,,37.51000000000005,22.742984293193757,22.810000000000002
2023-10-04,Bantargebang,Aqua,40.42528795811522,41.55000000000001,,
2023-10-11,Bantargebang,Aqua,41.88916230366495,42.01000000000005,,
2023-10-13,Bantargebang,Aqua,41.58581151832462,41.97000000000003,,
2023-10-20,Bantargebang,Aqua,40.7021276595745,41.25000000000006,,
2023-10-22,Bantargebang,Aqua,,,23.410000000000025,23.150000000000034
2023-10-23,Bantargebang,Aqua,44.66350785340316,43.75754237288141,,
2023-10-25,Bantargebang,Aqua,,,22.090000000000032,21.970000000000027
2023-10-27,Bantargebang,Aqua,38.46403141361259,39.110000000000014,23.99810810810812,24.310000000000002
2023-10-28,Bantargebang,Aqua,41.55157068062831,41.73000000000002,,23.930000000000007
2023-10-29,Bantargebang,Aqua,42.42643979057593,42.33000000000004,,24.57000000000005
2023-10-30,Bantargebang,Aqua,39.170000000000016,39.73000000000002,,
2023-11-01,Bantargebang,Aqua,41.29125654450264,39.690000000000055,,
2023-11-07,Bantargebang,Aqua,,,19.430000000000007,24.29000000000002
2023-11-08,Bantargebang,Aqua,37.661099476439816,36.870000000000005,24.44643979057596,24.830000000000037
2023-11-09,Bantargebang,Aqua,,,22.350000000000023,23.03000000000003
2023-11-20,Bantargebang,Aqua,39.82643979057597,38.670000000000016,,
2023-12-12,Bantargebang,Aqua,,,22.289057591623056,22.49000000000001
2023-12-16,Bantargebang,Aqua,46.07000000000005,41.93000000000001,,
2023-12-18,Bantargebang,Aqua,36.910000000000025,38.03000000000003,23.819109947644016,23.610000000000014
2023-12-20,Bantargebang,Aqua,43.33785340314137,43.29000000000002,,24.470000000000027
2023-12-21,Bantargebang,Aqua,38.110000000000014,38.09000000000003,,
2024-01-20,Bantargebang,Aqua,,,21.42225130890056,21.55000000000001
2024-03-18,Bantargebang,Aqua,,,20.824659685863914,20.890000000000043
2024-03-19,Bantargebang,Aqua,,,19.5047643979058,21.310000000000002
2024-03-21,Bantargebang,Aqua,,,20.803478260869618,21.710000000000036
2024-03-22,Bantargebang,Aqua,,,23.518085106383023,24.090000000000032
2024-03-29,Bantargebang,Aqua,,,23.971256544502655,23.710000000000036
2024-04-15,Bantargebang,Aqua,,,23.863918918918927,23.55000000000001
2024-05-06,Bantargebang,Aqua,,,23.17649214659689,23.970000000000027
2024-05-07,Bantargebang,Aqua,39.85795811518328,37.69986842105268,,24.390000000000043
2024-05-08,Bantargebang,Aqua,,,22.43031413612569,22.630000000000052
2024-05-12,Bantargebang,Aqua,40.76853403141366,39.13000000000005,,
2024-05-19,Bantargebang,Aqua,,,22.14287958115186,22.130000000000052
2024-05-26,Bantargebang,Aqua,,30.910000000000025,23.474816753926724,23.410000000000025
2024-05-29,Bantargebang,Aqua,34.77000000000004,33.97000000000003,,
2024-06-04,Bantargebang,Aqua,,,23.625811518324642,24.03000000000003
2024-06-05,Bantargebang,Aqua,,37.49000000000001,23.833243243243288,23.77000000000004
2024-06-17,Bantargebang,Aqua,,33.33000000000004,22.00109947643981,22.410000000000025
2024-06-19,Bantargebang,Aqua,35.19963350785345,35.230000000000025,,24.350000000000023
2024-06-20,Bantargebang,Aqua,38.05282722513091,37.75000000000006,,
2024-06-29,Bantargebang,Aqua,,,21.49984293193719,21.590000000000032
2024-06-30,Bantargebang,Aqua,,,21.12602094240839,20.470000000000027
2024-07-09,Bantargebang,Aqua,35.29837837837842,34.49000000000001,,
2024-07-11,Bantargebang,Aqua,39.15900523560211,37.870000000000005,,23.750000000000057
2024-07-12,Bantargebang,Aqua,36.35701570680632,35.410000000000025,,22.79000000000002
2024-07-13,Bantargebang,Aqua,37.43115183246078,35.33000000000004,,22.690000000000055
2024-07-16,Bantargebang,Aqua,38.09743455497385,38.13884026258211,,22.79000000000002
2024-07-19,Bantargebang,Aqua,37.309895287958135,37.09000000000003,,
2024-07-21,Bantargebang,Aqua,39.0405759162304,38.14325396825401,22.66602094240842,22.750000000000057
2024-07-22,Bantargebang,Aqua,,,20.150000000000034,19.730000000000018
2024-07-23,Bantargebang,Aqua,37.14801047120423,36.03000000000003,,21.950000000000045
2024-07-26,Bantargebang,Aqua,38.56267015706811,35.77000000000004,22.658900523560238,22.77000000000004
2024-07-28,Bantargebang,Aqua,35.85608695652178,37.13000000000005,,23.610000000000014
2024-07-29,Bantargebang,Aqua,,,22.608010471204206,22.730000000000015
2024-07-30,Bantargebang,Aqua,37.13000000000005,37.13000000000005,,24.110000000000014
2024-07-31,Bantargebang,Aqua,36.04528795811521,38.139375000000044,,
2024-08-01,Bantargebang,Aqua,,,20.23170212765962,20.450000000000045
2024-08-08,Bantargebang,Aqua,,,20.42507853403145,20.410000000000025
2024-08-09,Bantargebang,Aqua,38.14120418848169,37.58167048054924,,
2024-08-12,Bantargebang,Aqua,37.74476439790577,37.35000000000002,,21.130000000000052
2024-08-14,Bantargebang,Aqua,40.389895287958154,39.637376237623805,,22.370000000000005
2024-08-19,Bantargebang,Aqua,41.42727748691103,39.47000000000003,,22.190000000000055
2024-08-24,Bantargebang,Aqua,36.834574468085144,37.05000000000001,18.970000000000027,20.890000000000043
2024-08-30,Bantargebang,Aqua,,,21.642565445026204,22.110000000000014
2024-08-31,Bantargebang,Aqua,40.42424083769634,38.05000000000001,,24.53000000000003
2024-09-01,Bantargebang,Aqua,,,20.598691099476476,20.670000000000016
2024-09-02,Bantargebang,Aqua,,37.85000000000002,24.33000000000004,24.630000000000052
2024-09-04,Bantargebang,Aqua,,,23.239424083769663,23.610000000000014
2024-09-05,Bantargebang,Aqua,38.751351351351396,38.89000000000004,21.432513089005266,22.430000000000007
2024-09-06,Bantargebang,Aqua,,,23.43963350785345,23.49000000000001
2024-09-07,Bantargebang,Aqua,40.028848167539316,40.07000000000005,,
2024-09-13,Bantargebang,Aqua,36.958691099476475,37.51000000000005,,
2024-09-15,Bantargebang,Aqua,39.55000000000001,37.65915662650605,,
2024-09-20,Bantargebang,Aqua,39.18078534031415,38.69000000000006,,
2024-09-21,Bantargebang,Aqua,,,21.91052356020945,22.350000000000023
2024-09-27,Bantargebang,Aqua,38.255638297872345,37.13000000000005,,
2024-09-30,Bantargebang,Aqua,41.56424083769635,40.67000000000001,,
2024-10-04,Bantargebang,Aqua,,,23.730000000000018,23.650000000000034
2024-10-06,Bantargebang,Aqua,28.357748691099484,28.590000000000032,,23.05000000000001
2024-10-07,Bantargebang,Aqua,37.09408376963352,36.75000000000006,,
2024-10-09,Bantargebang,Aqua,,,23.710000000000036,23.79000000000002
2024-10-18,Bantargebang,Aqua,,,21.79638743455499,21.970000000000027
2024-10-26,Bantargebang,Aqua,37.539042553191535,38.190000000000055,23.730000000000018,24.210000000000036
2024-10-27,Bantargebang,Aqua,35.11502617801049,37.79000000000002,,
2024-10-29,Bantargebang,Aqua,32.904554973821995,36.79000000000002,,26.210000000000036
2024-10-31,Bantargebang,Aqua,,,21.666439790575936,22.450000000000045
2024-11-05,Bantargebang,Aqua,27.469685863874375,25.450000000000045,,
2024-11-08,Bantargebang,Aqua,38.872303664921475,36.79000000000002,,
2025-02-13,Bantargebang,Aqua,40.77513089005238,40.49000000000001,,
2025-02-15,Bantargebang,Aqua,25.512094240837722,25.730000000000018,,
2025-04-29,Bantargebang,Aqua,36.48853403141363,35.83000000000004,22.275759162303707,22.83000000000004
2025-05-01,Bantargebang,Aqua,,,23.77000000000004,24.05000000000001
2025-05-02,Bantargebang,Aqua,37.110000000000014,36.03000000000003,,
2025-05-04,Bantargebang,Aqua,,,22.991170212766,23.070000000000054
2025-06-13,Bantargebang,Aqua,,33.97000000000003,23.79000000000002,23.770000000000035
2025-06-25,Bantargebang,Aqua,,,21.11040540540542,21.390000000000043
2025-06-26,Bantargebang,Aqua,,,24.610000000000014,24.49000000000001
2025-06-28,Bantargebang,Aqua,,,21.83457446808514,21.730000000000018
2025-07-02,Bantargebang,Aqua,30.858617021276615,32.31,,
2025-07-03,Bantargebang,Aqua,,,21.198900523560255,21.190000000000055
2025-07-07,Bantargebang,Aqua,32.59000000000003,31.79000000000002,,
2025-07-09,Bantargebang,Aqua,,33.31,21.850000000000023,22.350000000000023
2025-07-12,Bantargebang,Aqua,34.852617801047145,34.410000000000025,20.68863874345554,20.930000000000007
2025-07-18,Bantargebang,Aqua,,,21.788617021276632,21.450000000000045
2025-07-19,Bantargebang,Aqua,37.009057591623055,36.27000000000004,,22.730000000000018
2025-07-22,Bantargebang,Aqua,33.06393617021279,34.150000000000034,,
2025-07-27,Bantargebang,Aqua,35.76602094240841,35.93000000000001,,
2025-07-28,Bantargebang,Aqua,,,21.730000000000018,21.730000000000018
2025-07-29,Bantargebang,Aqua,,,22.598617021276628,22.870000000000005
2025-08-01,Bantargebang,Aqua,35.19397905759164,35.51000000000005,,23.470000000000027
2025-08-02,Bantargebang,Aqua,,,21.561832460733026,21.710000000000036
2025-08-06,Bantargebang,Aqua,33.39000000000004,33.07000000000005,,23.010000000000048
2025-08-08,Bantargebang,Aqua,,,23.810000000000002,23.650000000000034
2025-08-09,Bantargebang,Aqua,36.03000000000003,36.03000000000003,,
2025-08-14,Bantargebang,Aqua,,,20.98130890052358,20.810000000000002
2025-08-16,Bantargebang,Aqua,33.33000000000004,32.35000000000002,,
2025-08-17,Bantargebang,Aqua,35.650000000000034,34.190000000000055,,
2025-08-24,Bantargebang,Aqua,,32.690000000000055,21.55000000000001,21.55000000000001
2025-08-26,Bantargebang,Aqua,36.45994764397908,35.75547008547014,,
2025-08-27,Bantargebang,Aqua,41.504973821989566,40.29000000000002,,
2025-08-29,Bantargebang,Aqua,36.050837696335115,35.01000000000005,,
2025-09-21,Bantargebang,Aqua,,,21.1716753926702,21.270000000000035
2025-09-22,Bantargebang,Aqua,,,19.246963350785368,20.370000000000005
2025-09-23,Bantargebang,Aqua,,,22.65879581151835,23.910000000000025
2025-09-24,Bantargebang,Aqua,36.296492146596876,36.078790560472015,,
2025-09-26,Bantargebang,Aqua,33.31753926701574,36.110000000000014,,
2025-09-30,Bantargebang,Aqua,,,21.765497382198994,21.730000000000018
2025-10-06,Bantargebang,Aqua,,,23.647567567567602,23.650000000000034
2025-10-08,Bantargebang,Aqua,,,21.200785340314177,22.130000000000052
2025-10-09,Bantargebang,Aqua,31.930000000000007,33.13000000000005,,
2025-10-11,Bantargebang,Aqua,,33.07000000000005,22.38202127659576,23.07000000000005
2025-10-13,Bantargebang,Aqua,,,21.529594594594627,21.510000000000048
2025-10-14,Bantargebang,Aqua,36.00842931937177,36.17000000000001,,
2025-11-30,Bantargebang,Aqua,,,21.720366492146624,21.83000000000004
2026-03-12,Bantargebang,Aqua,28.690000000000055,29.410000000000025,,
2026-03-17,Bantargebang,Aqua,37.670000000000016,36.690000000000055,,
2026-04-17,Bantargebang,Aqua,,,23.506544502617814,23.55000000000001
2026-04-25,Bantargebang,Aqua,,,23.000261780104726,23.190000000000058
2026-04-28,Bantargebang,Aqua,31.230000000000018,29.690000000000055,,
2026-05-09,Bantargebang,Aqua,,,22.896596858638787,22.950000000000045
2026-05-31,Bantargebang,Aqua,27.58654450261783,27.930000000000007,,
2026-06-05,Bantargebang,Aqua,27.250000000000057,31.130000000000052,,
2026-06-07,Bantargebang,Aqua,34.881832460733,34.650000000000034,,24.57000000000005
2026-06-08,Bantargebang,Aqua,34.26769633507855,34.01000000000005,22.93293193717281,23.310000000000002
2026-06-09,Bantargebang,Aqua,,,22.92099476439792,23.07000000000005
2026-06-10,Bantargebang,Aqua,34.25910994764403,34.69688259109317,,24.370000000000005
2026-06-13,Bantargebang,Aqua,34.27418848167543,34.021645338208444,,
2026-06-15,Bantargebang,Aqua,25.77000000000004,28.21954198473285,23.410000000000025,23.430000000000007
2026-06-17,Bantargebang,Aqua,,,23.152722513089017,23.230000000000018
2026-06-18,Bantargebang,Aqua,34.95471204188484,33.97000000000003,,23.730000000000018
2026-06-27,Bantargebang,Aqua,,,23.572432432432485,23.590000000000032
2026-06-29,Bantargebang,Aqua,34.54476439790579,33.85000000000002,,23.010000000000048
2026-07-01,Bantargebang,Aqua,34.77000000000004,34.356558441558455,,23.750000000000057
2026-07-02,Bantargebang,Aqua,,,22.580994764397932,22.410000000000025
2026-07-04,Bantargebang,Aqua,34.5785863874346,33.97000000000003,20.78926701570684,21.410000000000025
2026-07-05,Bantargebang,Aqua,,,22.25347826086958,22.110000000000014
2026-07-06,Bantargebang,Aqua,35.452198952879634,35.25866666666671,,24.470000000000027
2026-07-09,Bantargebang,Aqua,34.02591623036652,33.23000000000002,,22.450000000000045
2026-07-10,Bantargebang,Aqua,,,22.49000000000001,22.29000000000002
2026-07-11,Bantargebang,Aqua,33.92507853403146,34.05000000000001,,
2026-07-14,Bantargebang,Aqua,35.969162303664966,34.83000000000004,,23.090000000000032
2026-07-15,Bantargebang,Aqua,,,22.04486910994766,22.130000000000052
2026-07-16,Bantargebang,Aqua,33.351047120418855,32.690000000000055,,23.430000000000007
2026-07-17,Bantargebang,Aqua,35.22350785340318,34.93000000000001,22.865497382198996,23.05000000000001
2026-07-18,Bantargebang,Aqua,,,21.610000000000014,22.53000000000003
2026-07-19,Bantargebang,Aqua,35.32853403141363,34.85000000000002,,24.79000000000002
2026-07-21,Bantargebang,Aqua,,,23.313874345549745,23.430000000000007
2026-07-22,Bantargebang,Aqua,32.93000000000001,34.09000000000003,,
2026-07-23,Bantargebang,Aqua,,,19.630000000000052,21.370000000000005
2026-07-25,Bantargebang,Aqua,33.07376963350791,33.410000000000025,,
2026-07-26,Bantargebang,Aqua,,,19.13638743455501,20.05000000000001
2026-07-27,Bantargebang,Aqua,36.30968586387436,35.29837320574164,,
2026-07-30,Bantargebang,Aqua,,33.83000000000004,22.152827225130924,22.610000000000017
2026-08-01,Bantargebang,Aqua,35.94078534031415,35.410000000000025,,23.29000000000002
2026-08-05,Bantargebang,Aqua,,,21.585957446808536,22.170000000000016
2026-08-09,Bantargebang,Aqua,37.87659685863877,36.77000000000004,21.791570680628283,21.79000000000002
2026-08-12,Bantargebang,Aqua,35.83418848167541,35.33000000000004,,23.110000000000014
2026-08-14,Bantargebang,Aqua,35.73062827225133,35.27000000000004,,23.590000000000032
2026-08-16,Bantargebang,Aqua,,,23.724893617021294,23.670000000000016
2026-08-17,Bantargebang,Aqua,36.56413612565449,35.33000000000004,,
2026-08-21,Bantargebang,Aqua,,,23.33000000000004,23.03000000000003
2026-08-22,Bantargebang,Aqua,37.137434554973844,36.01000000000005,,24.610000000000014
2026-08-24,Bantargebang,Aqua,36.2059162303665,36.170000000000016,,24.590000000000032
2026-08-25,Bantargebang,Aqua,36.49910994764401,35.49000000000001,23.07000000000005,23.05000000000001
2026-08-26,Bantargebang,Aqua,,,22.49858638743458,22.57000000000005
2026-08-29,Bantargebang,Aqua,,,22.873350785340335,22.430000000000007
2026-08-31,Bantargebang,Aqua,,,23.590000000000032,23.690000000000055
2026-09-01,Bantargebang,Aqua,35.17712041884822,35.190000000000055,,25.29000000000002
2026-09-02,Bantargebang,Aqua,36.58005235602099,36.090000000000025,,
2026-09-03,Bantargebang,Aqua,,,22.834397905759204,23.690000000000055
2026-09-04,Bantargebang,Aqua,38.42790575916235,37.75000000000005,,24.07000000000005
2026-09-05,Bantargebang,Aqua,,,18.67973821989533,18.79000000000002
2026-09-06,Bantargebang,Aqua,35.5756544502618,35.150000000000034,,22.210000000000036
2026-09-07,Bantargebang,Aqua,39.14926701570685,38.450000000000045,22.091570680628305,22.510000000000048
2026-09-09,Bantargebang,Aqua,,34.27000000000004,22.872408376963392,23.090000000000032
2026-09-14,Bantargebang,Aqua,36.46916230366493,36.29000000000002,,23.170000000000016
2026-09-15,Bantargebang,Aqua,34.937225130890084,34.670000000000016,,
2026-09-17,Bantargebang,Aqua,35.852931937172805,35.05000000000001,22.78727748691101,22.850000000000023
2026-09-20,Bantargebang,Aqua,33.55000000000001,34.05000000000001,,19.49000000000001
